0 5
1 7
2 7
3 2
4 1
5 5
6 6
7 6
8 4
9 9
10 0
11 1
12 5
13 3
14 2
15 8
16 6
17 0
18 6
19 0
20 6
21 5
22 1
23 2
24 0
25 9
26 0
27 0
28 8
29 2
30 4
31 0
32 2
33 4
34 3
35 1
36 0
37 4
38 2
39 1
40 5
41 9
42 3
43 3
44 5
45 9
46 3
47 9
48 9
49 2
50 3
51 5
52 9
53 8
54 8
55 0
56 5
57 7
58 6
59 7
60 2
61 3
62 4
63 8
64 8
65 4
66 8
67 6
68 7
69 7
70 2
71 6
72 7
73 7
74 7
75 6
76 6
77 4
78 6
79 7
80 0
81 9
82 3
83 6
84 9
85 4
86 7
87 0
88 6
89 3
90 2
91 9
92 1
93 7
94 4
95 6
96 7
97 4
98 9
99 5
100 1
101 4
102 6
103 3
104 1
105 4
106 4
107 7
108 2
109 4
110 9
111 8
112 0
113 7
114 0
115 8
116 2
117 4
118 8
119 0
120 9
121 6
122 0
123 5
124 0
125 4
126 0
127 1
128 4
129 4
130 8
131 6
132 5
133 4
134 2
135 8
136 3
137 6
138 2
139 2
140 4
141 1
142 7
143 3
144 9
145 9
146 7
147 6
148 4
149 4
150 9
151 2
152 3
153 5
154 3
155 6
156 2
157 5
158 3
159 5
160 0
161 0
162 3
163 3
164 3
165 7
166 4
167 2
168 9
169 3
170 7
171 3
172 3
173 7
174 7
175 3
176 7
177 6
178 7
179 3
180 9
181 4
182 2
183 7
184 9
185 2
186 5
187 9
188 5
189 2
190 5
191 8
192 2
193 4
194 7
195 0
196 9
197 4
198 9
199 1
200 6
201 0
202 0
203 8
204 7
205 3
206 5
207 2
208 0
209 3
210 9
211 4
212 8
213 1
214 6
215 5
216 6
217 7
218 0
219 8
220 5
221 3
222 2
223 3
224 3
225 1
226 5
227 1
228 7
229 7
230 6
231 6
232 1
233 1
234 5
235 2
236 8
237 6
238 2
239 1
240 1
241 9
242 9
243 5
244 0
245 1
246 5
247 0
248 7
249 9
250 8
251 4
252 7
253 9
254 3
255 7
256 4
257 5
258 0
259 8
260 5
261 7
262 0
263 5
264 7
265 4
266 0
267 0
268 2
269 9
270 9
271 2
272 1
273 3
274 5
275 4
276 7
277 8
278 6
279 1
280 4
281 6
282 6
283 9
284 4
285 0
286 2
287 9
288 6
289 0
290 4
291 3
292 2
293 5
294 4
295 2
296 1
297 5
298 1
299 9
300 0
301 5
302 8
303 7
304 7
305 5
306 5
307 3
308 5
309 2
310 6
311 7
312 3
313 3
314 1
315 3
316 9
317 9
318 2
319 5
320 4
321 0
322 1
323 2
324 9
325 6
326 7
327 4
328 2
329 0
330 5
331 1
332 3
333 7
334 5
335 4
336 1
337 3
338 9
339 5
340 4
341 9
342 1
343 1
344 1
345 6
346 8
347 5
348 1
349 0
350 2
351 8
352 0
353 7
354 9
355 8
356 4
357 2
358 3
359 4
360 8
361 7
362 7
363 5
364 8
365 7
366 2
367 0
368 5
369 0
370 3
371 8
372 4
373 3
374 1
375 0
376 9
377 3
378 9
379 9
380 7
381 3
382 6
383 1
384 3
385 7
386 2
387 5
388 5
389 3
390 0
391 6
392 0
393 8
394 8
395 9
396 3
397 3
398 1
399 2
400 6
401 7
402 6
403 0
404 0
405 1
406 7
407 2
408 4
409 7
410 9
411 5
412 3
413 7
414 8
415 3
416 6
417 7
418 5
419 9
420 2
421 7
422 1
423 3
424 5
425 1
426 5
427 7
428 7
429 2
430 2
431 6
432 1
433 0
434 2
435 7
436 3
437 4
438 9
439 2
440 9
441 1
442 3
443 9
444 4
445 0
446 7
447 9
448 8
449 4
450 3
451 0
452 1
453 0
454 3
455 4
456 1
457 7
458 7
459 7
460 1
461 7
462 7
463 8
464 0
465 8
466 8
467 1
468 5
469 4
470 9
471 5
472 7
473 0
474 6
475 6
476 1
477 0
478 7
479 5
480 0
481 1
482 0
483 1
484 6
485 1
486 9
487 1
488 6
489 6
490 3
491 3
492 4
493 0
494 1
495 5
496 2
497 2
498 7
499 8
500 9
501 3
502 5
503 8
504 6
505 7
506 9
507 6
508 5
509 4
510 9
511 7
512 2
513 5
514 2
515 0
516 3
517 6
518 2
519 1
520 2
521 8
522 7
523 9
524 2
525 2
526 6
527 5
528 5
529 5
530 9
531 5
532 3
533 6
534 6
535 9
536 6
537 2
538 8
539 1
540 7
541 6
542 3
543 8
544 8
545 7
546 9
547 2
548 7
549 2
550 6
551 8
552 0
553 1
554 3
555 2
556 4
557 3
558 1
559 0
560 1
561 0
562 4
563 7
564 6
565 5
566 0
567 5
568 9
569 6
570 3
571 7
572 0
573 3
574 9
575 4
576 7
577 3
578 9
579 4
580 9
581 5
582 7
583 6
584 3
585 8
586 9
587 0
588 6
589 5
590 7
591 2
592 9
593 6
594 7
595 9
596 2
597 9
598 6
599 0
600 1
601 0
602 0
603 9
604 0
605 1
606 5
607 1
608 2
609 5
610 1
611 9
612 5
613 9
614 5
615 0
616 9
617 2
618 2
619 2
620 4
621 3
622 5
623 0
624 1
625 4
626 0
627 9
628 3
629 4
630 9
631 8
632 7
633 1
634 2
635 2
636 8
637 2
638 4
639 7
640 9
641 4
642 9
643 7
644 4
645 7
646 1
647 9
648 5
649 6
650 4
651 6
652 9
653 7
654 6
655 3
656 1
657 8
658 5
659 0
660 6
661 6
662 7
663 6
664 1
665 2
666 9
667 0
668 6
669 3
670 8
671 1
672 1
673 0
674 5
675 1
676 8
677 2
678 4
679 1
680 9
681 7
682 4
683 4
684 4
685 8
686 6
687 7
688 8
689 3
690 6
691 3
692 8
693 0
694 8
695 6
696 1
697 7
698 4
699 9
700 4
701 5
702 5
703 1
704 6
705 9
706 8
707 9
708 2
709 7
710 9
711 2
712 3
713 0
714 1
715 8
716 7
717 7
718 3
719 9
720 1
721 0
722 7
723 2
724 9
725 4
726 5
727 7
728 8
729 1
730 5
731 5
732 4
733 3
734 1
735 6
736 0
737 0
738 5
739 0
740 0
741 2
742 1
743 8
744 2
745 8
746 4
747 4
748 0
749 9
750 6
751 0
752 5
753 3
754 7
755 7
756 2
757 4
758 3
759 4
760 2
761 0
762 3
763 2
764 8
765 5
766 4
767 7
768 8
769 3
770 6
771 7
772 0
773 1
774 5
775 1
776 7
777 7
778 3
779 9
780 4
781 3
782 9
783 8
784 7
785 0
786 0
787 3
788 0
789 2
790 3
791 7
792 0
793 3
794 3
795 9
796 5
797 1
798 8
799 3
800 2
801 8
802 6
803 9
804 0
805 0
806 0
807 1
808 5
809 5
810 8
811 1
812 9
813 3
814 9
815 8
816 8
817 0
818 4
819 2
820 7
821 0
822 7
823 4
824 1
825 1
826 5
827 4
828 2
829 2
830 2
831 7
832 8
833 1
834 9
835 7
836 1
837 6
838 5
839 2
840 3
841 0
842 1
843 1
844 0
845 7
846 3
847 5
848 6
849 5
850 8
851 3
852 3
853 9
854 6
855 7
856 3
857 4
858 8
859 7
860 1
861 7
862 6
863 5
864 0
865 4
866 9
867 1
868 9
869 4
870 1
871 8
872 1
873 2
874 3
875 0
876 0
877 0
878 4
879 0
880 6
881 5
882 4
883 6
884 9
885 3
886 1
887 4
888 2
889 9
890 9
891 9
892 2
893 9
894 7
895 7
896 7
897 9
898 5
899 6
900 9
901 3
902 0
903 3
904 1
905 0
906 0
907 5
908 0
909 3
910 0
911 8
912 6
913 3
914 0
915 3
916 4
917 1
918 8
919 5
920 6
921 9
922 8
923 0
924 3
925 2
926 3
927 1
928 0
929 8
930 3
931 6
932 9
933 1
934 6
935 4
936 0
937 0
938 2
939 5
940 8
941 9
942 2
943 9
944 7
945 0
946 8
947 9
948 0
949 9
950 8
951 5
952 4
953 8
954 6
955 8
956 2
957 5
958 7
959 7
960 7
961 3
962 6
963 4
964 2
965 8
966 8
967 2
968 5
969 3
970 9
971 5
972 4
973 9
974 2
975 5
976 8
977 7
978 3
979 6
980 2
981 9
982 5
983 9
984 6
985 1
986 3
987 3
988 2
989 9
990 8
991 5
992 7
993 4
994 7
995 3
996 9
997 3
998 0
999 2
1000 3
1001 7
1002 3
1003 4
1004 3
1005 8
1006 8
1007 4
1008 7
1009 0
1010 7
1011 0
1012 3
1013 7
1014 0
1015 2
1016 8
1017 4
1018 4
1019 1
1020 2
1021 9
1022 2
1023 0
1024 1
1025 6
1026 6
1027 4
1028 1
1029 7
1030 8
1031 5
1032 0
1033 2
1034 4
1035 8
1036 7
1037 3
1038 3
1039 3
1040 7
1041 9
1042 0
1043 8
1044 0
1045 5
1046 6
1047 2
1048 7
1049 5
1050 4
1051 9
1052 9
1053 8
1054 4
1055 3
1056 4
1057 5
1058 9
1059 0
1060 7
1061 6
1062 1
1063 6
1064 4
1065 3
1066 1
1067 6
1068 7
1069 1
1070 0
1071 3
1072 1
1073 4
1074 6
1075 7
1076 1
1077 0
1078 7
1079 2
1080 2
1081 3
1082 7
1083 0
1084 0
1085 2
1086 1
1087 8
1088 1
1089 0
1090 7
1091 4
1092 5
1093 0
1094 4
1095 4
1096 4
1097 1
1098 8
1099 6
1100 6
1101 4
1102 7
1103 5
1104 9
1105 1
1106 3
1107 4
1108 8
1109 0
1110 3
1111 6
1112 6
1113 9
1114 0
1115 2
1116 5
1117 5
1118 3
1119 2
1120 4
1121 5
1122 8
1123 6
1124 2
1125 5
1126 4
1127 4
1128 2
1129 2
1130 2
1131 5
1132 3
1133 4
1134 5
1135 1
1136 8
1137 1
1138 3
1139 8
1140 7
1141 9
1142 1
1143 2
1144 4
1145 3
1146 4
1147 5
1148 7
1149 3
1150 5
1151 0
1152 1
1153 3
1154 6
1155 1
1156 2
1157 9
1158 7
1159 7
1160 8
1161 2
1162 2
1163 7
1164 8
1165 2
1166 8
1167 8
1168 1
1169 4
1170 8
1171 9
1172 4
1173 5
1174 9
1175 0
1176 9
1177 8
1178 6
1179 3
1180 8
1181 4
1182 6
1183 0
1184 0
1185 6
1186 2
1187 9
1188 3
1189 1
1190 6
1191 9
1192 4
1193 7
1194 1
1195 8
1196 8
1197 7
1198 1
1199 4
1200 9
1201 5
1202 8
1203 7
1204 5
1205 2
1206 5
1207 4
1208 9
1209 2
1210 3
1211 6
1212 6
1213 4
1214 9
1215 3
1216 5
1217 2
1218 0
1219 4
1220 7
1221 3
1222 2
1223 4
1224 3
1225 6
1226 4
1227 1
1228 0
1229 9
1230 7
1231 2
1232 6
1233 8
1234 2
1235 7
1236 6
1237 1
1238 6
1239 0
1240 8
1241 7
1242 7
1243 5
1244 9
1245 5
1246 0
1247 8
1248 8
1249 0
1250 9
1251 5
1252 1
1253 2
1254 6
1255 2
1256 0
1257 8
1258 4
1259 0
1260 4
1261 5
1262 4
1263 4
1264 4
1265 7
1266 7
1267 9
1268 9
1269 2
1270 2
1271 9
1272 9
1273 1
1274 5
1275 7
1276 2
1277 4
1278 8
1279 2
1280 9
1281 2
1282 5
1283 1
1284 6
1285 2
1286 5
1287 1
1288 2
1289 7
1290 8
1291 4
1292 2
1293 7
1294 6
1295 5
1296 9
1297 6
1298 5
1299 7
1300 0
1301 8
1302 3
1303 2
1304 1
1305 4
1306 6
1307 1
1308 0
1309 2
1310 9
1311 8
1312 2
1313 1
1314 4
1315 6
1316 1
1317 7
1318 9
1319 5
1320 1
1321 9
1322 5
1323 7
1324 9
1325 5
1326 9
1327 0
1328 9
1329 5
1330 9
1331 2
1332 2
1333 7
1334 0
1335 4
1336 2
1337 0
1338 8
1339 9
1340 8
1341 9
1342 6
1343 2
1344 7
1345 9
1346 7
1347 1
1348 2
1349 5
1350 5
1351 3
1352 6
1353 3
1354 2
1355 1
1356 7
1357 9
1358 4
1359 8
1360 8
1361 7
1362 3
1363 7
1364 6
1365 4
1366 2
1367 1
1368 0
1369 6
1370 6
1371 0
1372 6
1373 0
1374 7
1375 0
1376 6
1377 5
1378 9
1379 8
1380 2
1381 5
1382 6
1383 1
1384 9
1385 9
1386 0
1387 1
1388 0
1389 2
1390 8
1391 8
1392 0
1393 7
1394 5
1395 6
1396 1
1397 2
1398 5
1399 1
1400 9
1401 9
1402 1
1403 3
1404 7
1405 5
1406 1
1407 1
1408 6
1409 7
1410 8
1411 2
1412 1
1413 7
1414 6
1415 4
1416 3
1417 6
1418 1
1419 9
1420 0
1421 5
1422 7
1423 0
1424 5
1425 8
1426 4
1427 4
1428 0
1429 7
1430 8
1431 3
1432 5
1433 7
1434 3
1435 5
1436 0
1437 1
1438 5
1439 8
1440 0
1441 0
1442 5
1443 6
1444 0
1445 7
1446 7
1447 4
1448 5
1449 7
1450 9
1451 3
1452 4
1453 2
1454 1
1455 3
1456 1
1457 4
1458 4
1459 9
1460 8
1461 8
1462 5
1463 0
1464 0
1465 7
1466 8
1467 6
1468 4
1469 1
1470 5
1471 1
1472 7
1473 1
1474 6
1475 1
1476 5
1477 1
1478 9
1479 4
1480 5
1481 6
1482 5
1483 7
1484 0
1485 6
1486 1
1487 7
1488 0
1489 4
1490 3
1491 2
1492 4
1493 5
1494 0
1495 7
1496 5
1497 0
1498 0
1499 8
1500 1
1501 6
1502 8
1503 7
1504 0
1505 5
1506 2
1507 3
1508 0
1509 7
1510 8
1511 9
1512 0
1513 9
1514 3
1515 7
1516 0
1517 4
1518 6
1519 1
1520 4
1521 3
1522 0
1523 6
1524 6
1525 8
1526 4
1527 8
1528 1
1529 7
1530 9
1531 1
1532 6
1533 4
1534 9
1535 6
1536 8
1537 4
1538 2
1539 5
1540 4
1541 9
1542 1
1543 5
1544 0
1545 4
1546 9
1547 6
1548 7
1549 2
1550 4
1551 3
1552 1
1553 2
1554 1
1555 8
1556 3
1557 7
1558 8
1559 3
1560 8
1561 7
1562 5
1563 3
1564 5
1565 6
1566 4
1567 8
1568 9
1569 4
1570 9
1571 5
1572 0
1573 8
1574 6
1575 8
1576 4
1577 5
1578 4
1579 1
1580 0
1581 2
1582 3
1583 4
1584 0
1585 6
1586 0
1587 1
1588 6
1589 2
1590 2
1591 5
1592 0
1593 8
1594 5
1595 1
1596 5
1597 5
1598 8
1599 3
1600 8
1601 6
1602 7
1603 2
1604 3
1605 4
1606 9
1607 4
1608 4
1609 1
1610 8
1611 7
1612 8
1613 8
1614 0
1615 4
1616 4
1617 0
1618 9
1619 4
1620 0
1621 7
1622 7
1623 0
1624 1
1625 0
1626 6
1627 8
1628 8
1629 3
1630 7
1631 9
1632 5
1633 1
1634 1
1635 1
1636 3
1637 0
1638 7
1639 8
1640 7
1641 2
1642 0
1643 2
1644 3
1645 4
1646 2
1647 6
1648 3
1649 9
1650 5
1651 2
1652 2
1653 6
1654 9
1655 2
1656 0
1657 9
1658 7
1659 1
1660 6
1661 0
1662 8
1663 8
1664 5
1665 6
1666 9
1667 0
1668 8
1669 3
1670 8
1671 2
1672 5
1673 1
1674 1
1675 3
1676 7
1677 8
1678 7
1679 1
1680 2
1681 8
1682 3
1683 6
1684 8
1685 2
1686 0
1687 4
1688 9
1689 1
1690 1
1691 7
1692 8
1693 9
1694 2
1695 5
1696 9
1697 4
1698 4
1699 7
1700 8
1701 4
1702 8
1703 6
1704 1
1705 9
1706 9
1707 1
1708 1
1709 8
1710 5
1711 2
1712 9
1713 3
1714 9
1715 1
1716 0
1717 2
1718 9
1719 3
1720 0
1721 9
1722 9
1723 0
1724 5
1725 9
1726 2
1727 5
1728 5
1729 2
1730 6
1731 6
1732 9
1733 1
1734 7
1735 2
1736 7
1737 4
1738 4
1739 6
1740 8
1741 9
1742 2
1743 0
1744 4
1745 4
1746 3
1747 8
1748 6
1749 9
1750 7
1751 1
1752 1
1753 1
1754 4
1755 7
1756 1
1757 7
1758 4
1759 5
1760 7
1761 1
1762 5
1763 7
1764 4
1765 5
1766 7
1767 3
1768 2
1769 0
1770 3
1771 9
1772 3
1773 5
1774 2
1775 0
1776 9
1777 1
1778 2
1779 2
1780 3
1781 1
1782 6
1783 0
1784 8
1785 5
1786 0
1787 8
1788 6
1789 8
1790 2
1791 7
1792 5
1793 5
1794 8
1795 8
1796 9
1797 0
1798 1
1799 0
1800 9
1801 4
1802 5
1803 1
1804 6
1805 8
1806 1
1807 1
1808 8
1809 1
1810 0
1811 1
1812 6
1813 8
1814 7
1815 4
1816 9
1817 7
1818 5
1819 4
1820 7
1821 0
1822 9
1823 6
1824 9
1825 3
1826 6
1827 6
1828 6
1829 7
1830 1
1831 2
1832 1
1833 0
1834 2
1835 0
1836 6
1837 3
1838 0
1839 4
1840 8
1841 2
1842 7
1843 1
1844 6
1845 5
1846 8
1847 9
1848 5
1849 0
1850 4
1851 9
1852 3
1853 2
1854 7
1855 3
1856 1
1857 4
1858 8
1859 6
1860 0
1861 8
1862 7
1863 4
1864 9
1865 4
1866 0
1867 2
1868 0
1869 7
1870 0
1871 0
1872 6
1873 7
1874 4
1875 2
1876 5
1877 9
1878 0
1879 9
1880 1
1881 8
1882 2
1883 4
1884 8
1885 7
1886 5
1887 9
1888 6
1889 2
1890 1
1891 3
1892 7
1893 3
1894 8
1895 4
1896 2
1897 3
1898 1
1899 1
1900 4
1901 4
1902 2
1903 6
1904 5
1905 3
1906 1
1907 3
1908 5
1909 0
1910 2
1911 9
1912 2
1913 3
1914 0
1915 3
1916 1
1917 7
1918 5
1919 1
1920 7
1921 2
1922 2
1923 5
1924 7
1925 2
1926 2
1927 1
1928 6
1929 2
1930 8
1931 3
1932 2
1933 4
1934 8
1935 8
1936 3
1937 8
1938 1
1939 1
1940 2
1941 4
1942 5
1943 8
1944 9
1945 5
1946 7
1947 4
1948 3
1949 8
1950 6
1951 2
1952 3
1953 9
1954 8
1955 7
1956 0
1957 3
1958 7
1959 5
1960 7
1961 6
1962 6
1963 2
1964 8
1965 5
1966 5
1967 1
1968 3
1969 0
1970 3
1971 3
1972 1
1973 4
1974 3
1975 9
1976 2
1977 9
1978 9
1979 9
1980 5
1981 4
1982 0
1983 1
1984 8
1985 5
1986 3
1987 1
1988 3
1989 4
1990 1
1991 4
1992 1
1993 5
1994 8
1995 6
1996 2
1997 1
1998 2
1999 7
2000 8
2001 8
2002 6
2003 4
2004 8
2005 0
2006 7
2007 6
2008 1
2009 1
2010 0
2011 0
2012 3
2013 0
2014 1
2015 5
2016 2
2017 1
2018 1
2019 9
2020 6
2021 5
2022 7
2023 8
2024 0
2025 0
2026 6
2027 8
2028 1
2029 1
2030 7
2031 7
2032 7
2033 3
2034 7
2035 6
2036 3
2037 5
2038 0
2039 1
2040 6
2041 8
2042 1
2043 8
2044 3
2045 8
2046 9
2047 7
2048 3
2049 3
2050 8
2051 9
2052 6
2053 6
2054 3
2055 9
2056 8
2057 6
2058 8
2059 9
2060 5
2061 7
2062 9
2063 3
2064 2
2065 9
2066 9
2067 1
2068 4
2069 5
2070 6
2071 3
2072 8
2073 8
2074 6
2075 4
2076 4
2077 3
2078 1
2079 0
2080 3
2081 7
2082 0
2083 6
2084 0
2085 8
2086 0
2087 7
2088 8
2089 1
2090 7
2091 4
2092 4
2093 8
2094 9
2095 9
2096 5
2097 7
2098 9
2099 5
2100 8
2101 3
2102 2
2103 4
2104 5
2105 7
2106 9
2107 4
2108 1
2109 8
2110 9
2111 6
2112 2
2113 0
2114 2
2115 6
2116 0
2117 4
2118 9
2119 8
2120 4
2121 1
2122 0
2123 4
2124 3
2125 9
2126 2
2127 2
2128 5
2129 0
2130 7
2131 8
2132 6
2133 0
2134 4
2135 6
2136 0
2137 3
2138 6
2139 2
2140 5
2141 2
2142 7
2143 7
2144 2
2145 6
2146 0
2147 2
2148 2
2149 9
2150 1
2151 9
2152 6
2153 8
2154 2
2155 9
2156 9
2157 5
2158 8
2159 6
2160 0
2161 9
2162 8
2163 8
2164 3
2165 3
2166 9
2167 0
2168 1
2169 3
2170 7
2171 8
2172 7
2173 1
2174 7
2175 1
2176 4
2177 2
2178 2
2179 6
2180 9
2181 1
2182 7
2183 8
2184 8
2185 3
2186 8
2187 1
2188 9
2189 5
2190 2
2191 9
2192 8
2193 4
2194 4
2195 5
2196 6
2197 0
2198 7
2199 9
2200 1
2201 6
2202 0
2203 5
2204 1
2205 9
2206 7
2207 2
2208 7
2209 9
2210 7
2211 3
2212 6
2213 0
2214 4
2215 7
2216 5
2217 9
2218 1
2219 0
2220 2
2221 5
2222 1
2223 0
2224 9
2225 9
2226 5
2227 7
2228 7
2229 9
2230 1
2231 3
2232 3
2233 5
2234 1
2235 5
2236 7
2237 9
2238 1
2239 7
2240 7
2241 2
2242 2
2243 5
2244 1
2245 5
2246 0
2247 2
2248 5
2249 4
2250 9
2251 2
2252 9
2253 3
2254 2
2255 4
2256 6
2257 3
2258 2
2259 5
2260 0
2261 2
2262 8
2263 7
2264 4
2265 7
2266 6
2267 7
2268 7
2269 9
2270 4
2271 8
2272 4
2273 2
2274 1
2275 5
2276 8
2277 4
2278 0
2279 5
2280 0
2281 7
2282 5
2283 9
2284 9
2285 2
2286 9
2287 0
2288 4
2289 0
2290 1
2291 8
2292 5
2293 5
2294 7
2295 6
2296 4
2297 5
2298 9
2299 9
2300 0
2301 1
2302 8
2303 6
2304 2
2305 6
2306 9
2307 2
2308 6
2309 7
2310 7
2311 6
2312 4
2313 3
2314 7
2315 2
2316 6
2317 6
2318 0
2319 5
2320 7
2321 1
2322 1
2323 7
2324 6
2325 8
2326 1
2327 3
2328 3
2329 6
2330 5
2331 5
2332 9
2333 0
2334 8
2335 8
2336 1
2337 5
2338 5
2339 4
2340 8
2341 1
2342 0
2343 7
2344 4
2345 7
2346 0
2347 0
2348 0
2349 0
2350 6
2351 2
2352 3
2353 3
2354 6
2355 3
2356 7
2357 2
2358 5
2359 2
2360 8
2361 8
2362 9
2363 4
2364 9
2365 5
2366 5
2367 4
2368 6
2369 3
2370 6
2371 9
2372 7
2373 1
2374 4
2375 3
2376 3
2377 0
2378 1
2379 2
2380 0
2381 0
2382 7
2383 9
2384 1
2385 3
2386 0
2387 8
2388 5
2389 5
2390 5
2391 2
2392 6
2393 3
2394 9
2395 5
2396 9
2397 5
2398 4
2399 9
2400 7
2401 8
2402 2
2403 3
2404 0
2405 2
2406 3
2407 1
2408 4
2409 4
2410 0
2411 3
2412 9
2413 1
2414 4
2415 9
2416 7
2417 4
2418 0
2419 4
2420 9
2421 4
2422 7
2423 4
2424 6
2425 8
2426 2
2427 5
2428 9
2429 4
2430 7
2431 3
2432 2
2433 0
2434 8
2435 4
2436 6
2437 1
2438 8
2439 5
2440 2
2441 4
2442 6
2443 0
2444 5
2445 8
2446 7
2447 7
2448 6
2449 6
2450 9
2451 4
2452 8
2453 8
2454 2
2455 8
2456 7
2457 9
2458 5
2459 3
2460 0
2461 1
2462 0
2463 4
2464 0
2465 6
2466 3
2467 4
2468 9
2469 1
2470 7
2471 2
2472 2
2473 9
2474 2
2475 1
2476 8
2477 5
2478 8
2479 0
2480 0
2481 8
2482 7
2483 0
2484 6
2485 7
2486 7
2487 0
2488 6
2489 9
2490 0
2491 4
2492 2
2493 7
2494 9
2495 2
2496 6
2497 7
2498 4
2499 3
2500 2
2501 8
2502 4
2503 4
2504 4
2505 6
2506 9
2507 6
2508 8
2509 5
2510 1
2511 4
2512 9
2513 7
2514 1
2515 8
2516 2
2517 5
2518 6
2519 7
2520 8
2521 0
2522 9
2523 5
2524 8
2525 4
2526 1
2527 6
2528 5
2529 4
2530 4
2531 9
2532 1
2533 8
2534 5
2535 1
2536 4
2537 5
2538 7
2539 5
2540 3
2541 3
2542 1
2543 9
2544 6
2545 4
2546 0
2547 6
2548 3
2549 3
2550 1
2551 1
2552 9
2553 9
2554 3
2555 7
2556 3
2557 8
2558 2
2559 1
2560 5
2561 7
2562 3
2563 4
2564 5
2565 0
2566 8
2567 7
2568 4
2569 9
2570 8
2571 8
2572 3
2573 2
2574 5
2575 5
2576 6
2577 0
2578 8
2579 8
2580 8
2581 8
2582 7
2583 3
2584 5
2585 2
2586 8
2587 0
2588 1
2589 9
2590 0
2591 1
2592 9
2593 1
2594 5
2595 5
2596 0
2597 8
2598 9
2599 6
2600 8
2601 8
2602 5
2603 5
2604 4
2605 6
2606 8
2607 2
2608 5
2609 9
2610 2
2611 4
2612 5
2613 4
2614 4
2615 4
2616 5
2617 2
2618 7
2619 7
2620 2
2621 8
2622 1
2623 7
2624 3
2625 0
2626 5
2627 7
2628 3
2629 0
2630 1
2631 0
2632 8
2633 0
2634 6
2635 0
2636 6
2637 1
2638 7
2639 7
2640 0
2641 1
2642 1
2643 3
2644 6
2645 3
2646 7
2647 7
2648 3
2649 1
2650 8
2651 2
2652 4
2653 6
2654 2
2655 9
2656 2
2657 4
2658 6
2659 6
2660 0
2661 0
2662 8
2663 1
2664 2
2665 7
2666 7
2667 1
2668 6
2669 2
2670 1
2671 0
2672 1
2673 8
2674 6
2675 7
2676 7
2677 4
2678 4
2679 6
2680 8
2681 4
2682 9
2683 5
2684 9
2685 5
2686 1
2687 4
2688 2
2689 8
2690 1
2691 7
2692 9
2693 0
2694 1
2695 4
2696 5
2697 1
2698 1
2699 1
2700 9
2701 4
2702 8
2703 9
2704 3
2705 4
2706 2
2707 2
2708 8
2709 8
2710 3
2711 4
2712 4
2713 8
2714 2
2715 5
2716 3
2717 0
2718 7
2719 5
2720 3
2721 1
2722 1
2723 8
2724 7
2725 0
2726 1
2727 8
2728 6
2729 0
2730 9
2731 7
2732 6
2733 1
2734 2
2735 2
2736 4
2737 6
2738 2
2739 3
2740 1
2741 7
2742 6
2743 7
2744 4
2745 9
2746 7
2747 7
2748 5
2749 5
2750 6
2751 4
2752 1
2753 2
2754 4
2755 6
2756 1
2757 9
2758 8
2759 3
2760 8
2761 5
2762 6
2763 4
2764 0
2765 1
2766 4
2767 8
2768 4
2769 1
2770 2
2771 3
2772 5
2773 8
2774 7
2775 1
2776 7
2777 7
2778 2
2779 4
2780 9
2781 5
2782 5
2783 4
2784 2
2785 2
2786 4
2787 8
2788 2
2789 0
2790 1
2791 6
2792 1
2793 5
2794 1
2795 7
2796 6
2797 5
2798 7
2799 9
2800 9
2801 4
2802 0
2803 8
2804 0
2805 6
2806 2
2807 9
2808 6
2809 8
2810 3
2811 4
2812 2
2813 4
2814 2
2815 8
2816 9
2817 0
2818 5
2819 7
2820 2
2821 5
2822 9
2823 4
2824 7
2825 3
2826 9
2827 2
2828 6
2829 9
2830 6
2831 3
2832 8
2833 6
2834 3
2835 3
2836 8
2837 3
2838 8
2839 7
2840 4
2841 3
2842 8
2843 0
2844 5
2845 4
2846 7
2847 1
2848 3
2849 1
2850 9
2851 6
2852 7
2853 6
2854 4
2855 2
2856 9
2857 2
2858 6
2859 8
2860 3
2861 7
2862 2
2863 4
2864 9
2865 0
2866 7
2867 6
2868 0
2869 8
2870 7
2871 5
2872 0
2873 7
2874 3
2875 7
2876 8
2877 5
2878 2
2879 8
2880 3
2881 7
2882 0
2883 2
2884 3
2885 0
2886 4
2887 6
2888 8
2889 6
2890 5
2891 0
2892 3
2893 4
2894 9
2895 0
2896 5
2897 1
2898 2
2899 0
2900 3
2901 4
2902 2
2903 2
2904 7
2905 2
2906 1
2907 7
2908 4
2909 3
2910 6
2911 6
2912 8
2913 9
2914 7
2915 9
2916 2
2917 8
2918 4
2919 8
2920 6
2921 2
2922 9
2923 7
2924 2
2925 9
2926 0
2927 8
2928 8
2929 9
2930 2
2931 6
2932 7
2933 8
2934 9
2935 7
2936 7
2937 7
2938 0
2939 3
2940 2
2941 6
2942 2
2943 4
2944 6
2945 2
2946 3
2947 9
2948 1
2949 2
2950 2
2951 6
2952 1
2953 8
2954 8
2955 8
2956 7
2957 6
2958 5
2959 3
2960 0
2961 0
2962 5
2963 7
2964 7
2965 8
2966 6
2967 2
2968 7
2969 4
2970 3
2971 6
2972 0
2973 6
2974 0
2975 9
2976 4
2977 4
2978 4
2979 3
2980 6
2981 0
2982 3
2983 9
2984 2
2985 8
2986 0
2987 9
2988 7
2989 7
2990 0
2991 8
2992 1
2993 3
2994 3
2995 8
2996 3
2997 6
2998 9
2999 3
3000 4
3001 2
3002 3
3003 5
3004 5
3005 0
3006 8
3007 5
3008 8
3009 3
3010 9
3011 4
3012 1
3013 1
3014 2
3015 6
3016 7
3017 0
3018 9
3019 2
3020 1
3021 8
3022 7
3023 3
3024 4
3025 4
3026 1
3027 4
3028 5
3029 1
3030 2
3031 1
3032 8
3033 7
3034 8
3035 0
3036 3
3037 2
3038 7
3039 6
3040 1
3041 5
3042 0
3043 5
3044 0
3045 9
3046 4
3047 7
3048 8
3049 0
3050 5
3051 5
3052 4
3053 6
3054 6
3055 3
3056 0
3057 0
3058 5
3059 8
3060 6
3061 8
3062 4
3063 5
3064 5
3065 6
3066 3
3067 1
3068 5
3069 2
3070 4
3071 5
3072 4
3073 6
3074 0
3075 5
3076 3
3077 1
3078 5
3079 1
3080 1
3081 3
3082 2
3083 5
3084 2
3085 8
3086 1
3087 8
3088 8
3089 9
3090 1
3091 0
3092 7
3093 9
3094 2
3095 3
3096 1
3097 4
3098 9
3099 1
3100 3
3101 1
3102 1
3103 0
3104 3
3105 2
3106 3
3107 4
3108 4
3109 3
3110 0
3111 2
3112 4
3113 5
3114 0
3115 9
3116 3
3117 3
3118 4
3119 5
3120 0
3121 0
3122 0
3123 3
3124 0
3125 7
3126 6
3127 5
3128 5
3129 8
3130 6
3131 4
3132 8
3133 7
3134 4
3135 2
3136 2
3137 2
3138 9
3139 7
3140 1
3141 7
3142 7
3143 0
3144 0
3145 3
3146 3
3147 1
3148 7
3149 8
3150 4
3151 5
3152 3
3153 9
3154 1
3155 5
3156 0
3157 5
3158 6
3159 6
3160 9
3161 4
3162 0
3163 1
3164 5
3165 9
3166 9
3167 8
3168 8
3169 4
3170 9
3171 2
3172 9
3173 1
3174 6
3175 0
3176 9
3177 1
3178 1
3179 4
3180 0
3181 0
3182 2
3183 9
3184 4
3185 8
3186 6
3187 9
3188 0
3189 2
3190 0
3191 8
3192 8
3193 4
3194 8
3195 5
3196 3
3197 8
3198 1
3199 6
3200 9
3201 7
3202 0
3203 0
3204 9
3205 5
3206 5
3207 1
3208 5
3209 6
3210 6
3211 3
3212 4
3213 7
3214 0
3215 5
3216 5
3217 4
3218 4
3219 5
3220 2
3221 2
3222 1
3223 7
3224 6
3225 4
3226 0
3227 3
3228 5
3229 8
3230 6
3231 2
3232 9
3233 3
3234 9
3235 8
3236 2
3237 8
3238 6
3239 5
3240 8
3241 1
3242 3
3243 1
3244 2
3245 3
3246 8
3247 7
3248 0
3249 1
3250 3
3251 2
3252 5
3253 3
3254 5
3255 8
3256 8
3257 0
3258 0
3259 6
3260 2
3261 5
3262 6
3263 8
3264 6
3265 6
3266 2
3267 6
3268 9
3269 2
3270 6
3271 9
3272 9
3273 7
3274 7
3275 6
3276 7
3277 7
3278 3
3279 7
3280 7
3281 3
3282 0
3283 6
3284 8
3285 3
3286 2
3287 2
3288 6
3289 9
3290 0
3291 0
3292 9
3293 1
3294 6
3295 0
3296 8
3297 5
3298 1
3299 0
3300 4
3301 5
3302 1
3303 5
3304 0
3305 0
3306 2
3307 2
3308 6
3309 1
3310 0
3311 7
3312 1
3313 8
3314 0
3315 2
3316 5
3317 5
3318 4
3319 6
3320 5
3321 9
3322 2
3323 8
3324 4
3325 9
3326 3
3327 8
3328 9
3329 4
3330 9
3331 2
3332 7
3333 7
3334 5
3335 9
3336 5
3337 8
3338 9
3339 7
3340 5
3341 4
3342 0
3343 7
3344 6
3345 1
3346 5
3347 5
3348 9
3349 9
3350 3
3351 3
3352 7
3353 8
3354 2
3355 6
3356 4
3357 8
3358 2
3359 4
3360 1
3361 9
3362 7
3363 9
3364 5
3365 0
3366 6
3367 4
3368 1
3369 8
3370 6
3371 8
3372 1
3373 4
3374 3
3375 7
3376 8
3377 8
3378 1
3379 7
3380 1
3381 8
3382 5
3383 0
3384 8
3385 8
3386 5
3387 4
3388 0
3389 8
3390 0
3391 3
3392 6
3393 7
3394 9
3395 9
3396 6
3397 3
3398 1
3399 4
3400 2
3401 3
3402 9
3403 5
3404 4
3405 0
3406 0
3407 9
3408 1
3409 9
3410 6
3411 4
3412 3
3413 8
3414 8
3415 7
3416 5
3417 0
3418 0
3419 7
3420 8
3421 9
3422 0
3423 0
3424 0
3425 0
3426 0
3427 6
3428 2
3429 7
3430 9
3431 9
3432 7
3433 9
3434 4
3435 2
3436 8
3437 0
3438 9
3439 8
3440 8
3441 6
3442 3
3443 7
3444 2
3445 9
3446 9
3447 2
3448 5
3449 9
3450 1
3451 9
3452 7
3453 7
3454 7
3455 6
3456 5
3457 0
3458 4
3459 0
3460 4
3461 0
3462 9
3463 9
3464 2
3465 2
3466 0
3467 3
3468 7
3469 9
3470 4
3471 0
3472 4
3473 2
3474 7
3475 6
3476 1
3477 6
3478 8
3479 1
3480 7
3481 8
3482 3
3483 7
3484 1
3485 5
3486 6
3487 6
3488 8
3489 6
3490 5
3491 3
3492 0
3493 6
3494 6
3495 9
3496 3
3497 9
3498 8
3499 3
3500 0
3501 9
3502 1
3503 6
3504 5
3505 2
3506 4
3507 3
3508 2
3509 2
3510 7
3511 0
3512 5
3513 9
3514 5
3515 5
3516 3
3517 0
3518 4
3519 1
3520 7
3521 6
3522 6
3523 7
3524 3
3525 6
3526 6
3527 4
3528 0
3529 1
3530 1
3531 6
3532 7
3533 9
3534 2
3535 9
3536 5
3537 9
3538 0
3539 1
3540 2
3541 9
3542 3
3543 0
3544 5
3545 3
3546 7
3547 4
3548 4
3549 9
3550 7
3551 1
3552 8
3553 3
3554 0
3555 8
3556 0
3557 0
3558 4
3559 2
3560 7
3561 5
3562 8
3563 4
3564 8
3565 6
3566 3
3567 5
3568 0
3569 8
3570 3
3571 8
3572 0
3573 8
3574 0
3575 4
3576 2
3577 4
3578 6
3579 6
3580 7
3581 3
3582 5
3583 0
3584 9
3585 3
3586 5
3587 5
3588 9
3589 8
3590 3
3591 2
3592 3
3593 2
3594 4
3595 1
3596 1
3597 6
3598 9
3599 6
3600 9
3601 2
3602 1
3603 4
3604 8
3605 6
3606 0
3607 6
3608 4
3609 9
3610 8
3611 9
3612 2
3613 7
3614 6
3615 3
3616 6
3617 2
3618 4
3619 4
3620 3
3621 2
3622 9
3623 5
3624 8
3625 8
3626 5
3627 4
3628 8
3629 7
3630 3
3631 7
3632 8
3633 9
3634 7
3635 0
3636 1
3637 4
3638 8
3639 9
3640 7
3641 1
3642 3
3643 3
3644 4
3645 3
3646 5
3647 3
3648 8
3649 4
3650 4
3651 8
3652 0
3653 0
3654 2
3655 8
3656 9
3657 0
3658 4
3659 6
3660 6
3661 6
3662 5
3663 0
3664 9
3665 0
3666 2
3667 8
3668 4
3669 5
3670 3
3671 7
3672 6
3673 8
3674 9
3675 6
3676 2
3677 2
3678 3
3679 9
3680 8
3681 3
3682 0
3683 4
3684 8
3685 8
3686 1
3687 4
3688 0
3689 6
3690 2
3691 7
3692 3
3693 0
3694 5
3695 4
3696 0
3697 8
3698 7
3699 9
3700 5
3701 9
3702 1
3703 1
3704 8
3705 9
3706 6
3707 7
3708 0
3709 5
3710 7
3711 4
3712 9
3713 3
3714 8
3715 5
3716 4
3717 4
3718 3
3719 2
3720 4
3721 7
3722 8
3723 6
3724 9
3725 1
3726 4
3727 8
3728 0
3729 8
3730 5
3731 3
3732 3
3733 7
3734 7
3735 0
3736 2
3737 6
3738 4
3739 0
3740 6
3741 7
3742 7
3743 5
3744 8
3745 0
3746 8
3747 1
3748 2
3749 7
3750 5
3751 4
3752 5
3753 8
3754 7
3755 3
3756 1
3757 1
3758 1
3759 7
3760 6
3761 3
3762 6
3763 4
3764 7
3765 8
3766 7
3767 8
3768 7
3769 4
3770 3
3771 0
3772 7
3773 3
3774 9
3775 2
3776 0
3777 6
3778 6
3779 4
3780 2
3781 0
3782 1
3783 1
3784 2
3785 5
3786 1
3787 3
3788 5
3789 2
3790 7
3791 2
3792 7
3793 4
3794 9
3795 9
3796 6
3797 1
3798 7
3799 5
3800 4
3801 5
3802 0
3803 5
3804 3
3805 0
3806 8
3807 5
3808 5
3809 8
3810 2
3811 3
3812 5
3813 6
3814 6
3815 8
3816 3
3817 0
3818 6
3819 8
3820 3
3821 2
3822 2
3823 9
3824 1
3825 7
3826 6
3827 7
3828 6
3829 6
3830 7
3831 7
3832 0
3833 4
3834 1
3835 0
3836 3
3837 5
3838 2
3839 3
3840 1
3841 5
3842 3
3843 5
3844 0
3845 3
3846 2
3847 5
3848 1
3849 0
3850 1
3851 2
3852 4
3853 6
3854 5
3855 6
3856 3
3857 8
3858 6
3859 1
3860 5
3861 6
3862 7
3863 0
3864 6
3865 4
3866 4
3867 9
3868 8
3869 4
3870 7
3871 1
3872 3
3873 2
3874 6
3875 9
3876 5
3877 9
3878 6
3879 9
3880 3
3881 3
3882 0
3883 1
3884 6
3885 7
3886 8
3887 6
3888 6
3889 1
3890 3
3891 8
3892 3
3893 3
3894 3
3895 3
3896 3
3897 3
3898 4
3899 4
3900 1
3901 6
3902 5
3903 7
3904 9
3905 0
3906 0
3907 6
3908 0
3909 5
3910 8
3911 6
3912 7
3913 4
3914 9
3915 7
3916 1
3917 0
3918 3
3919 6
3920 4
3921 6
3922 8
3923 9
3924 5
3925 1
3926 7
3927 4
3928 5
3929 6
3930 9
3931 5
3932 9
3933 7
3934 1
3935 8
3936 1
3937 5
3938 5
3939 3
3940 7
3941 6
3942 4
3943 0
3944 7
3945 8
3946 3
3947 7
3948 7
3949 6
3950 5
3951 0
3952 1
3953 8
3954 4
3955 2
3956 7
3957 8
3958 3
3959 4
3960 5
3961 9
3962 9
3963 1
3964 8
3965 4
3966 2
3967 0
3968 1
3969 5
3970 9
3971 9
3972 5
3973 4
3974 3
3975 1
3976 4
3977 4
3978 9
3979 0
3980 4
3981 7
3982 7
3983 2
3984 5
3985 5
3986 5
3987 2
3988 3
3989 0
3990 6
3991 1
3992 4
3993 7
3994 6
3995 7
3996 0
3997 1
3998 6
3999 5
4000 9
4001 9
4002 3
4003 4
4004 1
4005 6
4006 3
4007 9
4008 0
4009 6
4010 6
4011 0
4012 9
4013 1
4014 2
4015 0
4016 5
4017 4
4018 0
4019 0
4020 5
4021 3
4022 2
4023 2
4024 1
4025 5
4026 8
4027 9
4028 0
4029 2
4030 0
4031 9
4032 1
4033 3
4034 4
4035 0
4036 8
4037 0
4038 2
4039 7
4040 8
4041 2
4042 2
4043 5
4044 1
4045 5
4046 3
4047 3
4048 8
4049 5
4050 2
4051 8
4052 9
4053 9
4054 5
4055 1
4056 1
4057 6
4058 6
4059 5
4060 4
4061 5
4062 2
4063 2
4064 4
4065 5
4066 8
4067 6
4068 9
4069 1
4070 8
4071 5
4072 9
4073 9
4074 3
4075 6
4076 7
4077 1
4078 2
4079 2
4080 0
4081 1
4082 3
4083 2
4084 1
4085 5
4086 0
4087 1
4088 4
4089 4
4090 8
4091 0
4092 1
4093 4
4094 2
4095 4
4096 2
4097 3
4098 0
4099 9
4100 8
4101 6
4102 2
4103 5
4104 4
4105 6
4106 0
4107 4
4108 4
4109 8
4110 8
4111 6
4112 7
4113 2
4114 5
4115 6
4116 9
4117 3
4118 4
4119 3
4120 1
4121 4
4122 8
4123 8
4124 7
4125 0
4126 4
4127 9
4128 1
4129 5
4130 9
4131 3
4132 0
4133 4
4134 4
4135 6
4136 4
4137 0
4138 1
4139 8
4140 9
4141 1
4142 6
4143 4
4144 5
4145 0
4146 2
4147 0
4148 2
4149 2
4150 4
4151 0
4152 5
4153 4
4154 9
4155 5
4156 3
4157 8
4158 6
4159 2
4160 9
4161 1
4162 8
4163 4
4164 7
4165 5
4166 8
4167 6
4168 2
4169 9
4170 3
4171 0
4172 7
4173 7
4174 8
4175 8
4176 9
4177 3
4178 5
4179 0
4180 6
4181 4
4182 3
4183 7
4184 7
4185 1
4186 5
4187 9
4188 6
4189 6
4190 0
4191 6
4192 9
4193 0
4194 9
4195 6
4196 0
4197 4
4198 6
4199 8
4200 1
4201 2
4202 4
4203 3
4204 7
4205 0
4206 2
4207 3
4208 0
4209 5
4210 4
4211 6
4212 5
4213 7
4214 0
4215 3
4216 1
4217 6
4218 0
4219 6
4220 7
4221 9
4222 9
4223 9
4224 2
4225 5
4226 8
4227 7
4228 1
4229 6
4230 6
4231 6
4232 7
4233 5
4234 2
4235 4
4236 7
4237 2
4238 1
4239 9
4240 4
4241 0
4242 9
4243 7
4244 7
4245 7
4246 9
4247 8
4248 0
4249 1
4250 8
4251 6
4252 3
4253 6
4254 2
4255 6
4256 2
4257 5
4258 6
4259 3
4260 3
4261 5
4262 8
4263 2
4264 5
4265 2
4266 6
4267 2
4268 7
4269 9
4270 4
4271 2
4272 2
4273 3
4274 9
4275 3
4276 2
4277 5
4278 4
4279 8
4280 6
4281 0
4282 1
4283 3
4284 2
4285 6
4286 9
4287 3
4288 5
4289 3
4290 0
4291 7
4292 0
4293 1
4294 3
4295 8
4296 8
4297 9
4298 3
4299 7
4300 4
4301 3
4302 6
4303 9
4304 2
4305 3
4306 8
4307 4
4308 2
4309 8
4310 7
4311 8
4312 9
4313 3
4314 8
4315 5
4316 1
4317 2
4318 7
4319 6
4320 4
4321 7
4322 4
4323 0
4324 8
4325 5
4326 6
4327 5
4328 4
4329 8
4330 6
4331 5
4332 0
4333 2
4334 8
4335 1
4336 5
4337 6
4338 3
4339 0
4340 6
4341 7
4342 7
4343 4
4344 0
4345 4
4346 4
4347 2
4348 2
4349 0
4350 3
4351 0
4352 6
4353 4
4354 4
4355 0
4356 3
4357 7
4358 5
4359 6
4360 8
4361 2
4362 6
4363 3
4364 0
4365 9
4366 1
4367 0
4368 2
4369 9
4370 1
4371 7
4372 5
4373 1
4374 4
4375 5
4376 7
4377 2
4378 2
4379 3
4380 4
4381 4
4382 4
4383 1
4384 0
4385 5
4386 0
4387 3
4388 6
4389 9
4390 3
4391 1
4392 7
4393 7
4394 1
4395 1
4396 4
4397 5
4398 2
4399 1
4400 7
4401 0
4402 8
4403 8
4404 8
4405 9
4406 0
4407 7
4408 4
4409 4
4410 6
4411 4
4412 1
4413 6
4414 0
4415 4
4416 8
4417 6
4418 8
4419 8
4420 7
4421 0
4422 1
4423 0
4424 8
4425 3
4426 8
4427 6
4428 2
4429 3
4430 1
4431 1
4432 4
4433 2
4434 6
4435 1
4436 2
4437 8
4438 4
4439 4
4440 1
4441 4
4442 2
4443 5
4444 9
4445 6
4446 0
4447 9
4448 5
4449 6
4450 3
4451 7
4452 0
4453 4
4454 0
4455 0
4456 6
4457 1
4458 9
4459 2
4460 0
4461 0
4462 5
4463 7
4464 9
4465 3
4466 3
4467 5
4468 0
4469 3
4470 4
4471 1
4472 5
4473 5
4474 2
4475 4
4476 2
4477 6
4478 2
4479 4
4480 0
4481 2
4482 6
4483 2
4484 0
4485 6
4486 4
4487 6
4488 5
4489 6
4490 9
4491 3
4492 5
4493 4
4494 3
4495 0
4496 6
4497 1
4498 2
4499 5
4500 8
4501 5
4502 2
4503 6
4504 5
4505 8
4506 3
4507 4
4508 5
4509 2
4510 1
4511 9
4512 2
4513 1
4514 2
4515 1
4516 4
4517 9
4518 7
4519 7
4520 7
4521 1
4522 8
4523 7
4524 8
4525 0
4526 6
4527 9
4528 5
4529 8
4530 6
4531 6
4532 0
4533 8
4534 5
4535 1
4536 6
4537 3
4538 3
4539 4
4540 9
4541 2
4542 2
4543 1
4544 0
4545 4
4546 8
4547 3
4548 6
4549 7
4550 3
4551 7
4552 9
4553 9
4554 4
4555 5
4556 9
4557 2
4558 5
4559 9
4560 4
4561 3
4562 4
4563 0
4564 3
4565 7
4566 9
4567 5
4568 6
4569 0
4570 0
4571 0
4572 2
4573 1
4574 9
4575 2
4576 7
4577 8
4578 5
4579 4
4580 1
4581 8
4582 3
4583 7
4584 9
4585 4
4586 1
4587 7
4588 7
4589 6
4590 0
4591 2
4592 0
4593 3
4594 3
4595 6
4596 5
4597 5
4598 9
4599 4
4600 6
4601 7
4602 3
4603 0
4604 7
4605 8
4606 8
4607 7
4608 9
4609 8
4610 3
4611 8
4612 0
4613 8
4614 4
4615 8
4616 1
4617 6
4618 3
4619 1
4620 4
4621 6
4622 7
4623 8
4624 2
4625 4
4626 1
4627 4
4628 9
4629 2
4630 3
4631 5
4632 4
4633 6
4634 4
4635 9
4636 1
4637 4
4638 8
4639 8
4640 7
4641 6
4642 6
4643 8
4644 3
4645 3
4646 6
4647 8
4648 4
4649 0
4650 7
4651 4
4652 9
4653 2
4654 8
4655 9
4656 3
4657 8
4658 6
4659 5
4660 2
4661 8
4662 1
4663 8
4664 6
4665 3
4666 0
4667 4
4668 8
4669 5
4670 8
4671 9
4672 8
4673 2
4674 0
4675 3
4676 5
4677 4
4678 8
4679 1
4680 8
4681 6
4682 2
4683 4
4684 3
4685 8
4686 3
4687 8
4688 4
4689 8
4690 1
4691 7
4692 5
4693 9
4694 9
4695 7
4696 6
4697 3
4698 5
4699 8
4700 4
4701 9
4702 0
4703 7
4704 5
4705 1
4706 8
4707 0
4708 7
4709 9
4710 1
4711 4
4712 8
4713 0
4714 6
4715 3
4716 4
4717 9
4718 4
4719 3
4720 9
4721 1
4722 6
4723 2
4724 8
4725 4
4726 7
4727 0
4728 5
4729 4
4730 8
4731 2
4732 2
4733 0
4734 0
4735 7
4736 5
4737 4
4738 9
4739 4
4740 5
4741 3
4742 4
4743 8
4744 9
4745 8
4746 6
4747 1
4748 3
4749 3
4750 8
4751 2
4752 7
4753 2
4754 3
4755 5
4756 7
4757 3
4758 0
4759 9
4760 2
4761 2
4762 1
4763 9
4764 0
4765 0
4766 3
4767 0
4768 7
4769 4
4770 0
4771 0
4772 9
4773 6
4774 8
4775 0
4776 0
4777 3
4778 3
4779 7
4780 6
4781 6
4782 6
4783 8
4784 4
4785 4
4786 9
4787 3
4788 2
4789 5
4790 0
4791 5
4792 5
4793 6
4794 7
4795 6
4796 5
4797 4
4798 9
4799 3
4800 7
4801 5
4802 3
4803 0
4804 3
4805 1
4806 8
4807 1
4808 1
4809 2
4810 5
4811 1
4812 6
4813 4
4814 1
4815 0
4816 5
4817 5
4818 2
4819 4
4820 9
4821 2
4822 3
4823 8
4824 4
4825 0
4826 7
4827 7
4828 6
4829 4
4830 5
4831 1
4832 4
4833 9
4834 8
4835 4
4836 2
4837 3
4838 9
4839 5
4840 7
4841 6
4842 2
4843 0
4844 1
4845 2
4846 7
4847 8
4848 1
4849 5
4850 5
4851 2
4852 3
4853 2
4854 2
4855 9
4856 4
4857 4
4858 9
4859 2
4860 8
4861 8
4862 5
4863 4
4864 5
4865 5
4866 7
4867 8
4868 5
4869 3
4870 8
4871 2
4872 0
4873 2
4874 4
4875 8
4876 9
4877 1
4878 8
4879 9
4880 4
4881 2
4882 4
4883 4
4884 1
4885 8
4886 5
4887 7
4888 0
4889 9
4890 5
4891 9
4892 1
4893 9
4894 5
4895 5
4896 8
4897 2
4898 0
4899 8
4900 1
4901 0
4902 0
4903 0
4904 7
4905 1
4906 5
4907 7
4908 8
4909 3
4910 8
4911 4
4912 0
4913 3
4914 9
4915 6
4916 2
4917 7
4918 4
4919 7
4920 9
4921 9
4922 8
4923 5
4924 8
4925 1
4926 7
4927 8
4928 8
4929 0
4930 8
4931 8
4932 8
4933 8
4934 6
4935 5
4936 7
4937 1
4938 6
4939 8
4940 3
4941 0
4942 6
4943 9
4944 9
4945 4
4946 3
4947 6
4948 0
4949 6
4950 0
4951 7
4952 3
4953 5
4954 9
4955 9
4956 0
4957 4
4958 2
4959 1
4960 0
4961 6
4962 8
4963 5
4964 1
4965 1
4966 4
4967 2
4968 7
4969 9
4970 1
4971 3
4972 1
4973 6
4974 9
4975 6
4976 9
4977 9
4978 5
4979 9
4980 6
4981 7
4982 9
4983 2
4984 3
4985 0
4986 0
4987 8
4988 2
4989 8
4990 9
4991 8
4992 8
4993 1
4994 5
4995 6
4996 0
4997 9
4998 7
4999 5
5000 3
5001 8
5002 3
5003 3
5004 8
5005 0
5006 5
5007 9
5008 1
5009 0
5010 9
5011 3
5012 6
5013 0
5014 3
5015 4
5016 1
5017 2
5018 5
5019 2
5020 9
5021 9
5022 8
5023 6
5024 5
5025 6
5026 7
5027 9
5028 0
5029 3
5030 8
5031 9
5032 5
5033 6
5034 8
5035 7
5036 9
5037 5
5038 6
5039 7
5040 3
5041 4
5042 5
5043 5
5044 0
5045 8
5046 3
5047 3
5048 6
5049 2
5050 9
5051 0
5052 7
5053 8
5054 2
5055 3
5056 8
5057 6
5058 2
5059 6
5060 3
5061 8
5062 5
5063 6
5064 3
5065 4
5066 9
5067 0
5068 7
5069 4
5070 7
5071 3
5072 1
5073 9
5074 2
5075 7
5076 5
5077 2
5078 7
5079 8
5080 7
5081 4
5082 0
5083 1
5084 6
5085 6
5086 5
5087 5
5088 7
5089 5
5090 3
5091 1
5092 1
5093 9
5094 0
5095 1
5096 1
5097 1
5098 5
5099 4
5100 3
5101 4
5102 7
5103 0
5104 0
5105 1
5106 8
5107 1
5108 8
5109 6
5110 2
5111 5
5112 6
5113 9
5114 7
5115 1
5116 2
5117 6
5118 1
5119 1
5120 2
5121 0
5122 1
5123 2
5124 6
5125 8
5126 5
5127 2
5128 9
5129 2
5130 3
5131 1
5132 2
5133 9
5134 9
5135 3
5136 7
5137 1
5138 6
5139 1
5140 4
5141 0
5142 3
5143 9
5144 0
5145 6
5146 9
5147 6
5148 5
5149 1
5150 1
5151 2
5152 2
5153 2
5154 4
5155 8
5156 1
5157 6
5158 6
5159 1
5160 5
5161 0
5162 8
5163 2
5164 3
5165 5
5166 3
5167 6
5168 4
5169 3
5170 9
5171 8
5172 2
5173 3
5174 9
5175 6
5176 6
5177 2
5178 0
5179 5
5180 3
5181 2
5182 6
5183 3
5184 3
5185 3
5186 2
5187 2
5188 2
5189 4
5190 8
5191 5
5192 0
5193 5
5194 1
5195 9
5196 1
5197 5
5198 9
5199 3
5200 6
5201 8
5202 2
5203 6
5204 9
5205 0
5206 7
5207 1
5208 5
5209 0
5210 0
5211 4
5212 3
5213 1
5214 5
5215 5
5216 8
5217 9
5218 8
5219 7
5220 1
5221 8
5222 0
5223 2
5224 7
5225 8
5226 3
5227 3
5228 5
5229 3
5230 8
5231 4
5232 5
5233 4
5234 4
5235 8
5236 3
5237 0
5238 9
5239 1
5240 0
5241 7
5242 2
5243 4
5244 9
5245 4
5246 9
5247 8
5248 0
5249 5
5250 7
5251 8
5252 8
5253 0
5254 9
5255 6
5256 1
5257 7
5258 1
5259 7
5260 9
5261 9
5262 6
5263 3
5264 3
5265 7
5266 1
5267 6
5268 7
5269 0
5270 3
5271 6
5272 5
5273 5
5274 4
5275 1
5276 8
5277 0
5278 0
5279 4
5280 1
5281 4
5282 6
5283 4
5284 6
5285 6
5286 7
5287 5
5288 3
5289 8
5290 7
5291 1
5292 9
5293 5
5294 8
5295 6
5296 9
5297 4
5298 8
5299 4
5300 8
5301 3
5302 3
5303 3
5304 1
5305 5
5306 4
5307 3
5308 5
5309 8
5310 3
5311 3
5312 3
5313 0
5314 6
5315 4
5316 1
5317 9
5318 3
5319 5
5320 9
5321 2
5322 9
5323 4
5324 8
5325 7
5326 4
5327 2
5328 0
5329 9
5330 5
5331 1
5332 4
5333 7
5334 8
5335 8
5336 3
5337 2
5338 3
5339 4
5340 7
5341 7
5342 4
5343 8
5344 4
5345 8
5346 1
5347 4
5348 1
5349 8
5350 1
5351 4
5352 9
5353 7
5354 7
5355 6
5356 8
5357 7
5358 1
5359 6
5360 9
5361 4
5362 4
5363 1
5364 3
5365 6
5366 4
5367 0
5368 0
5369 5
5370 6
5371 6
5372 4
5373 5
5374 1
5375 5
5376 6
5377 9
5378 3
5379 6
5380 1
5381 1
5382 6
5383 5
5384 2
5385 4
5386 1
5387 6
5388 1
5389 5
5390 5
5391 5
5392 7
5393 3
5394 4
5395 1
5396 4
5397 1
5398 9
5399 3
5400 5
5401 4
5402 2
5403 4
5404 7
5405 2
5406 1
5407 3
5408 7
5409 3
5410 0
5411 6
5412 7
5413 4
5414 6
5415 8
5416 3
5417 3
5418 3
5419 8
5420 4
5421 9
5422 0
5423 5
5424 4
5425 4
5426 2
5427 6
5428 6
5429 2
5430 6
5431 0
5432 3
5433 8
5434 3
5435 7
5436 2
5437 7
5438 8
5439 8
5440 2
5441 1
5442 7
5443 5
5444 5
5445 2
5446 7
5447 0
5448 9
5449 9
5450 3
5451 0
5452 9
5453 5
5454 8
5455 1
5456 4
5457 1
5458 0
5459 2
5460 6
5461 1
5462 3
5463 6
5464 9
5465 7
5466 9
5467 5
5468 0
5469 0
5470 7
5471 8
5472 6
5473 4
5474 6
5475 5
5476 8
5477 7
5478 6
5479 7
5480 7
5481 1
5482 6
5483 0
5484 8
5485 6
5486 3
5487 0
5488 8
5489 0
5490 4
5491 4
5492 6
5493 0
5494 7
5495 4
5496 9
5497 8
5498 0
5499 2
5500 8
5501 0
5502 1
5503 5
5504 7
5505 6
5506 9
5507 6
5508 2
5509 6
5510 7
5511 5
5512 9
5513 1
5514 3
5515 8
5516 9
5517 7
5518 7
5519 9
5520 4
5521 7
5522 7
5523 2
5524 2
5525 1
5526 4
5527 3
5528 3
5529 7
5530 5
5531 1
5532 5
5533 4
5534 7
5535 0
5536 8
5537 2
5538 9
5539 3
5540 4
5541 5
5542 8
5543 7
5544 9
5545 1
5546 2
5547 3
5548 8
5549 9
5550 8
5551 4
5552 3
5553 3
5554 0
5555 5
5556 5
5557 0
5558 6
5559 7
5560 2
5561 2
5562 3
5563 4
5564 7
5565 4
5566 9
5567 6
5568 9
5569 9
5570 8
5571 4
5572 9
5573 4
5574 2
5575 4
5576 8
5577 6
5578 7
5579 0
5580 6
5581 7
5582 2
5583 1
5584 5
5585 0
5586 2
5587 5
5588 6
5589 9
5590 2
5591 7
5592 3
5593 5
5594 2
5595 9
5596 5
5597 8
5598 5
5599 0
5600 6
5601 5
5602 8
5603 6
5604 9
5605 5
5606 8
5607 8
5608 9
5609 9
5610 7
5611 4
5612 8
5613 6
5614 5
5615 3
5616 5
5617 5
5618 6
5619 2
5620 1
5621 8
5622 6
5623 9
5624 5
5625 8
5626 0
5627 4
5628 3
5629 9
5630 9
5631 7
5632 1
5633 2
5634 5
5635 1
5636 6
5637 8
5638 9
5639 7
5640 6
5641 6
5642 5
5643 4
5644 1
5645 6
5646 9
5647 8
5648 6
5649 2
5650 6
5651 5
5652 3
5653 8
5654 6
5655 2
5656 8
5657 9
5658 1
5659 9
5660 7
5661 7
5662 5
5663 4
5664 2
5665 1
5666 8
5667 7
5668 7
5669 2
5670 1
5671 9
5672 3
5673 9
5674 6
5675 0
5676 5
5677 8
5678 1
5679 7
5680 0
5681 0
5682 1
5683 1
5684 0
5685 4
5686 2
5687 3
5688 6
5689 4
5690 1
5691 4
5692 1
5693 5
5694 8
5695 7
5696 8
5697 0
5698 8
5699 1
5700 0
5701 3
5702 8
5703 6
5704 1
5705 7
5706 2
5707 1
5708 0
5709 1
5710 5
5711 5
5712 7
5713 5
5714 5
5715 1
5716 9
5717 2
5718 3
5719 7
5720 1
5721 1
5722 1
5723 6
5724 0
5725 0
5726 4
5727 9
5728 8
5729 8
5730 0
5731 6
5732 8
5733 2
5734 2
5735 9
5736 1
5737 6
5738 1
5739 8
5740 0
5741 9
5742 7
5743 7
5744 3
5745 2
5746 4
5747 2
5748 1
5749 9
5750 5
5751 8
5752 3
5753 2
5754 8
5755 9
5756 7
5757 4
5758 8
5759 6
5760 9
5761 2
5762 2
5763 7
5764 1
5765 8
5766 3
5767 9
5768 7
5769 9
5770 1
5771 9
5772 0
5773 4
5774 6
5775 7
5776 7
5777 1
5778 6
5779 5
5780 4
5781 2
5782 6
5783 6
5784 8
5785 1
5786 3
5787 8
5788 8
5789 9
5790 3
5791 3
5792 7
5793 9
5794 2
5795 9
5796 6
5797 0
5798 3
5799 6
5800 8
5801 1
5802 5
5803 4
5804 5
5805 7
5806 9
5807 3
5808 9
5809 6
5810 1
5811 1
5812 3
5813 3
5814 9
5815 6
5816 2
5817 1
5818 9
5819 2
5820 2
5821 2
5822 4
5823 5
5824 4
5825 3
5826 0
5827 1
5828 5
5829 1
5830 5
5831 8
5832 0
5833 6
5834 3
5835 1
5836 7
5837 4
5838 3
5839 7
5840 0
5841 8
5842 4
5843 0
5844 5
5845 6
5846 0
5847 8
5848 5
5849 3
5850 6
5851 4
5852 1
5853 6
5854 0
5855 3
5856 1
5857 3
5858 8
5859 4
5860 9
5861 8
5862 2
5863 9
5864 6
5865 9
5866 5
5867 1
5868 8
5869 5
5870 6
5871 6
5872 9
5873 5
5874 2
5875 6
5876 1
5877 2
5878 8
5879 2
5880 2
5881 1
5882 2
5883 3
5884 7
5885 1
5886 6
5887 9
5888 3
5889 9
5890 3
5891 6
5892 8
5893 1
5894 3
5895 0
5896 3
5897 2
5898 1
5899 2
5900 9
5901 6
5902 5
5903 6
5904 1
5905 9
5906 3
5907 9
5908 7
5909 1
5910 8
5911 7
5912 1
5913 0
5914 2
5915 0
5916 7
5917 0
5918 9
5919 8
5920 0
5921 0
5922 7
5923 9
5924 4
5925 8
5926 8
5927 3
5928 3
5929 9
5930 1
5931 0
5932 1
5933 9
5934 7
5935 5
5936 3
5937 5
5938 1
5939 0
5940 4
5941 3
5942 0
5943 7
5944 4
5945 4
5946 1
5947 8
5948 2
5949 3
5950 4
5951 4
5952 8
5953 8
5954 3
5955 3
5956 3
5957 3
5958 1
5959 7
5960 9
5961 6
5962 9
5963 7
5964 8
5965 2
5966 7
5967 7
5968 3
5969 3
5970 2
5971 0
5972 9
5973 1
5974 1
5975 4
5976 3
5977 3
5978 2
5979 4
5980 5
5981 1
5982 4
5983 3
5984 0
5985 5
5986 0
5987 8
5988 6
5989 5
5990 7
5991 3
5992 4
5993 5
5994 7
5995 5
5996 0
5997 0
5998 6
5999 8
6000 7
6001 3
6002 9
6003 1
6004 4
6005 7
6006 5
6007 4
6008 7
6009 0
6010 7
6011 7
6012 7
6013 5
6014 7
6015 7
6016 5
6017 5
6018 9
6019 9
6020 1
6021 8
6022 4
6023 6
6024 7
6025 1
6026 1
6027 8
6028 3
6029 0
6030 8
6031 5
6032 8
6033 3
6034 6
6035 6
6036 0
6037 1
6038 5
6039 9
6040 4
6041 3
6042 7
6043 1
6044 9
6045 3
6046 7
6047 1
6048 8
6049 4
6050 4
6051 9
6052 0
6053 3
6054 9
6055 0
6056 6
6057 1
6058 7
6059 7
6060 0
6061 2
6062 3
6063 2
6064 5
6065 3
6066 6
6067 5
6068 6
6069 7
6070 9
6071 7
6072 7
6073 5
6074 9
6075 6
6076 7
6077 4
6078 4
6079 4
6080 7
6081 5
6082 7
6083 4
6084 7
6085 5
6086 1
6087 1
6088 5
6089 8
6090 4
6091 1
6092 9
6093 5
6094 7
6095 4
6096 6
6097 7
6098 0
6099 0
6100 9
6101 9
6102 7
6103 3
6104 4
6105 5
6106 0
6107 0
6108 2
6109 4
6110 5
6111 4
6112 4
6113 2
6114 8
6115 4
6116 0
6117 6
6118 5
6119 8
6120 5
6121 0
6122 2
6123 4
6124 5
6125 0
6126 8
6127 5
6128 8
6129 5
6130 6
6131 4
6132 6
6133 3
6134 9
6135 2
6136 7
6137 9
6138 1
6139 2
6140 4
6141 6
6142 1
6143 1
6144 9
6145 8
6146 7
6147 9
6148 0
6149 9
6150 3
6151 6
6152 9
6153 3
6154 0
6155 7
6156 2
6157 0
6158 1
6159 9
6160 8
6161 0
6162 4
6163 0
6164 2
6165 9
6166 3
6167 0
6168 3
6169 6
6170 0
6171 3
6172 7
6173 3
6174 8
6175 8
6176 3
6177 8
6178 4
6179 3
6180 0
6181 7
6182 4
6183 2
6184 1
6185 6
6186 2
6187 8
6188 2
6189 1
6190 2
6191 0
6192 1
6193 6
6194 3
6195 5
6196 3
6197 8
6198 6
6199 4
6200 6
6201 6
6202 2
6203 2
6204 6
6205 0
6206 9
6207 7
6208 1
6209 9
6210 8
6211 9
6212 5
6213 8
6214 4
6215 3
6216 6
6217 7
6218 9
6219 9
6220 4
6221 3
6222 0
6223 5
6224 7
6225 2
6226 0
6227 3
6228 0
6229 1
6230 4
6231 9
6232 6
6233 3
6234 8
6235 0
6236 5
6237 0
6238 8
6239 3
6240 2
6241 2
6242 3
6243 2
6244 3
6245 6
6246 5
6247 8
6248 2
6249 5
6250 5
6251 5
6252 7
6253 7
6254 2
6255 4
6256 5
6257 3
6258 4
6259 2
6260 3
6261 7
6262 1
6263 8
6264 7
6265 7
6266 3
6267 7
6268 4
6269 3
6270 9
6271 8
6272 1
6273 8
6274 3
6275 3
6276 3
6277 3
6278 0
6279 6
6280 4
6281 5
6282 4
6283 6
6284 6
6285 2
6286 9
6287 0
6288 6
6289 9
6290 9
6291 3
6292 3
6293 1
6294 1
6295 1
6296 2
6297 5
6298 9
6299 7
6300 3
6301 7
6302 2
6303 1
6304 9
6305 5
6306 0
6307 2
6308 7
6309 4
6310 6
6311 4
6312 6
6313 8
6314 9
6315 9
6316 0
6317 6
6318 5
6319 4
6320 5
6321 7
6322 1
6323 5
6324 5
6325 4
6326 4
6327 0
6328 3
6329 0
6330 3
6331 9
6332 1
6333 7
6334 8
6335 3
6336 5
6337 4
6338 1
6339 9
6340 7
6341 5
6342 6
6343 4
6344 3
6345 4
6346 3
6347 1
6348 5
6349 7
6350 3
6351 9
6352 0
6353 3
6354 4
6355 8
6356 8
6357 3
6358 8
6359 6
6360 6
6361 7
6362 5
6363 0
6364 5
6365 4
6366 2
6367 7
6368 4
6369 2
6370 1
6371 6
6372 1
6373 8
6374 3
6375 1
6376 0
6377 5
6378 0
6379 0
6380 6
6381 0
6382 5
6383 5
6384 0
6385 4
6386 6
6387 4
6388 2
6389 2
6390 3
6391 5
6392 4
6393 5
6394 7
6395 0
6396 8
6397 4
6398 2
6399 7
6400 3
6401 9
6402 3
6403 5
6404 4
6405 9
6406 3
6407 5
6408 9
6409 0
6410 5
6411 1
6412 7
6413 6
6414 2
6415 7
6416 1
6417 7
6418 4
6419 7
6420 9
6421 2
6422 9
6423 9
6424 4
6425 7
6426 2
6427 3
6428 9
6429 8
6430 9
6431 0
6432 8
6433 6
6434 3
6435 2
6436 9
6437 7
6438 0
6439 1
6440 0
6441 1
6442 9
6443 0
6444 5
6445 6
6446 1
6447 0
6448 1
6449 0
6450 7
6451 7
6452 4
6453 2
6454 6
6455 9
6456 0
6457 9
6458 2
6459 6
6460 4
6461 7
6462 5
6463 2
6464 3
6465 5
6466 7
6467 4
6468 0
6469 3
6470 0
6471 4
6472 6
6473 3
6474 0
6475 1
6476 5
6477 9
6478 2
6479 4
6480 3
6481 4
6482 4
6483 2
6484 4
6485 6
6486 4
6487 9
6488 0
6489 0
6490 8
6491 3
6492 4
6493 1
6494 8
6495 8
6496 6
6497 3
6498 0
6499 8
6500 5
6501 9
6502 3
6503 2
6504 0
6505 6
6506 8
6507 5
6508 5
6509 2
6510 2
6511 5
6512 0
6513 7
6514 7
6515 9
6516 0
6517 9
6518 1
6519 0
6520 1
6521 9
6522 5
6523 8
6524 5
6525 8
6526 8
6527 9
6528 5
6529 3
6530 1
6531 4
6532 3
6533 2
6534 8
6535 7
6536 9
6537 9
6538 8
6539 1
6540 7
6541 5
6542 7
6543 0
6544 9
6545 8
6546 1
6547 9
6548 1
6549 6
6550 8
6551 2
6552 9
6553 3
6554 1
6555 5
6556 9
6557 4
6558 0
6559 4
6560 5
6561 3
6562 0
6563 0
6564 5
6565 6
6566 3
6567 2
6568 5
6569 4
6570 3
6571 3
6572 1
6573 4
6574 4
6575 8
6576 8
6577 5
6578 1
6579 7
6580 3
6581 5
6582 7
6583 3
6584 0
6585 2
6586 6
6587 9
6588 8
6589 2
6590 5
6591 6
6592 9
6593 3
6594 7
6595 2
6596 5
6597 3
6598 4
6599 6
6600 9
6601 9
6602 6
6603 4
6604 0
6605 1
6606 3
6607 4
6608 4
6609 0
6610 8
6611 7
6612 1
6613 5
6614 8
6615 0
6616 1
6617 0
6618 8
6619 1
6620 4
6621 5
6622 2
6623 8
6624 7
6625 8
6626 6
6627 5
6628 7
6629 9
6630 0
6631 4
6632 0
6633 8
6634 6
6635 6
6636 3
6637 6
6638 3
6639 7
6640 9
6641 4
6642 5
6643 0
6644 7
6645 1
6646 1
6647 0
6648 8
6649 5
6650 0
6651 5
6652 1
6653 0
6654 4
6655 2
6656 4
6657 1
6658 7
6659 9
6660 7
6661 6
6662 9
6663 1
6664 9
6665 1
6666 1
6667 2
6668 9
6669 2
6670 6
6671 1
6672 5
6673 1
6674 3
6675 2
6676 0
6677 1
6678 0
6679 3
6680 1
6681 6
6682 3
6683 6
6684 3
6685 4
6686 9
6687 8
6688 0
6689 8
6690 6
6691 6
6692 0
6693 6
6694 9
6695 4
6696 8
6697 6
6698 2
6699 4
6700 4
6701 0
6702 7
6703 8
6704 0
6705 0
6706 6
6707 6
6708 8
6709 4
6710 0
6711 0
6712 6
6713 7
6714 1
6715 6
6716 9
6717 6
6718 2
6719 2
6720 1
6721 4
6722 6
6723 3
6724 7
6725 1
6726 8
6727 1
6728 1
6729 4
6730 7
6731 7
6732 7
6733 2
6734 6
6735 8
6736 3
6737 4
6738 1
6739 8
6740 4
6741 6
6742 6
6743 4
6744 6
6745 3
6746 6
6747 4
6748 2
6749 4
6750 2
6751 7
6752 3
6753 4
6754 0
6755 5
6756 3
6757 0
6758 0
6759 3
6760 1
6761 3
6762 8
6763 0
6764 7
6765 7
6766 3
6767 4
6768 9
6769 6
6770 1
6771 1
6772 9
6773 9
6774 8
6775 1
6776 4
6777 6
6778 8
6779 6
6780 1
6781 7
6782 6
6783 8
6784 5
6785 8
6786 5
6787 4
6788 6
6789 3
6790 1
6791 2
6792 0
6793 8
6794 1
6795 6
6796 3
6797 1
6798 6
6799 4
6800 7
6801 9
6802 8
6803 9
6804 3
6805 7
6806 9
6807 6
6808 4
6809 2
6810 6
6811 3
6812 7
6813 3
6814 8
6815 3
6816 5
6817 6
6818 6
6819 1
6820 8
6821 9
6822 3
6823 8
6824 3
6825 1
6826 3
6827 7
6828 1
6829 0
6830 9
6831 8
6832 3
6833 2
6834 8
6835 9
6836 5
6837 6
6838 4
6839 9
6840 0
6841 5
6842 2
6843 1
6844 1
6845 4
6846 8
6847 8
6848 1
6849 3
6850 4
6851 0
6852 2
6853 9
6854 7
6855 4
6856 2
6857 3
6858 8
6859 8
6860 8
6861 6
6862 8
6863 6
6864 3
6865 1
6866 5
6867 4
6868 3
6869 1
6870 3
6871 2
6872 9
6873 7
6874 8
6875 7
6876 6
6877 5
6878 7
6879 9
6880 9
6881 1
6882 2
6883 5
6884 4
6885 5
6886 4
6887 2
6888 4
6889 3
6890 3
6891 3
6892 8
6893 5
6894 6
6895 3
6896 4
6897 7
6898 2
6899 0
6900 0
6901 2
6902 6
6903 8
6904 1
6905 2
6906 9
6907 0
6908 4
6909 8
6910 9
6911 9
6912 4
6913 9
6914 5
6915 5
6916 0
6917 4
6918 2
6919 6
6920 9
6921 8
6922 0
6923 8
6924 8
6925 2
6926 1
6927 3
6928 0
6929 2
6930 6
6931 7
6932 2
6933 6
6934 3
6935 5
6936 8
6937 1
6938 5
6939 3
6940 2
6941 4
6942 8
6943 0
6944 6
6945 7
6946 5
6947 3
6948 8
6949 7
6950 9
6951 0
6952 3
6953 2
6954 3
6955 0
6956 5
6957 7
6958 4
6959 2
6960 1
6961 0
6962 4
6963 0
6964 3
6965 3
6966 0
6967 1
6968 4
6969 9
6970 7
6971 8
6972 8
6973 7
6974 8
6975 6
6976 7
6977 5
6978 2
6979 3
6980 7
6981 7
6982 8
6983 6
6984 0
6985 7
6986 0
6987 5
6988 4
6989 6
6990 8
6991 8
6992 6
6993 1
6994 4
6995 7
6996 2
6997 1
6998 0
6999 0
7000 9
7001 9
7002 2
7003 6
7004 3
7005 2
7006 9
7007 4
7008 2
7009 5
7010 1
7011 0
7012 8
7013 8
7014 7
7015 8
7016 0
7017 1
7018 9
7019 7
7020 0
7021 2
7022 8
7023 4
7024 1
7025 1
7026 7
7027 9
7028 2
7029 2
7030 4
7031 0
7032 2
7033 5
7034 9
7035 1
7036 0
7037 9
7038 1
7039 4
7040 6
7041 6
7042 5
7043 8
7044 4
7045 8
7046 0
7047 9
7048 2
7049 5
7050 7
7051 8
7052 5
7053 7
7054 1
7055 9
7056 2
7057 7
7058 8
7059 6
7060 2
7061 8
7062 2
7063 1
7064 4
7065 7
7066 6
7067 6
7068 7
7069 0
7070 7
7071 4
7072 0
7073 8
7074 7
7075 8
7076 6
7077 3
7078 5
7079 1
7080 9
7081 7
7082 1
7083 4
7084 2
7085 5
7086 6
7087 2
7088 9
7089 2
7090 4
7091 2
7092 7
7093 8
7094 6
7095 7
7096 0
7097 2
7098 8
7099 4
7100 0
7101 7
7102 7
7103 0
7104 3
7105 2
7106 4
7107 1
7108 4
7109 3
7110 7
7111 5
7112 6
7113 9
7114 9
7115 3
7116 1
7117 8
7118 8
7119 3
7120 2
7121 4
7122 3
7123 3
7124 3
7125 1
7126 5
7127 5
7128 9
7129 0
7130 0
7131 2
7132 4
7133 3
7134 3
7135 3
7136 0
7137 4
7138 7
7139 6
7140 9
7141 1
7142 1
7143 1
7144 0
7145 0
7146 9
7147 2
7148 4
7149 7
7150 9
7151 7
7152 9
7153 1
7154 1
7155 8
7156 0
7157 0
7158 6
7159 2
7160 8
7161 6
7162 2
7163 0
7164 2
7165 2
7166 1
7167 3
7168 7
7169 0
7170 7
7171 8
7172 0
7173 0
7174 6
7175 2
7176 1
7177 7
7178 2
7179 5
7180 7
7181 3
7182 2
7183 9
7184 0
7185 4
7186 7
7187 3
7188 5
7189 9
7190 9
7191 4
7192 3
7193 9
7194 8
7195 8
7196 8
7197 3
7198 1
7199 3
7200 9
7201 2
7202 7
7203 9
7204 9
7205 2
7206 7
7207 9
7208 6
7209 9
7210 3
7211 9
7212 7
7213 0
7214 6
7215 3
7216 5
7217 6
7218 7
7219 6
7220 2
7221 8
7222 1
7223 1
7224 6
7225 6
7226 9
7227 4
7228 0
7229 5
7230 4
7231 1
7232 2
7233 8
7234 8
7235 5
7236 9
7237 0
7238 8
7239 1
7240 9
7241 8
7242 2
7243 0
7244 2
7245 3
7246 8
7247 3
7248 8
7249 2
7250 7
7251 7
7252 0
7253 3
7254 5
7255 4
7256 8
7257 3
7258 4
7259 9
7260 6
7261 8
7262 7
7263 9
7264 7
7265 3
7266 4
7267 0
7268 4
7269 8
7270 8
7271 8
7272 8
7273 2
7274 9
7275 3
7276 0
7277 1
7278 6
7279 7
7280 3
7281 6
7282 7
7283 7
7284 0
7285 9
7286 4
7287 1
7288 5
7289 8
7290 4
7291 6
7292 5
7293 4
7294 4
7295 0
7296 0
7297 9
7298 5
7299 4
7300 8
7301 6
7302 2
7303 4
7304 6
7305 5
7306 1
7307 4
7308 6
7309 1
7310 0
7311 1
7312 3
7313 5
7314 3
7315 9
7316 1
7317 3
7318 4
7319 9
7320 6
7321 8
7322 5
7323 5
7324 9
7325 1
7326 2
7327 0
7328 4
7329 0
7330 2
7331 3
7332 6
7333 3
7334 6
7335 1
7336 8
7337 7
7338 2
7339 1
7340 5
7341 0
7342 9
7343 9
7344 2
7345 9
7346 8
7347 0
7348 6
7349 5
7350 1
7351 9
7352 0
7353 5
7354 8
7355 6
7356 1
7357 6
7358 8
7359 2
7360 8
7361 1
7362 5
7363 3
7364 0
7365 2
7366 8
7367 7
7368 5
7369 0
7370 4
7371 2
7372 7
7373 5
7374 4
7375 5
7376 2
7377 5
7378 8
7379 6
7380 0
7381 5
7382 3
7383 3
7384 1
7385 9
7386 6
7387 3
7388 4
7389 3
7390 2
7391 5
7392 9
7393 5
7394 7
7395 7
7396 7
7397 4
7398 7
7399 8
7400 8
7401 1
7402 3
7403 4
7404 3
7405 7
7406 2
7407 3
7408 9
7409 3
7410 9
7411 4
7412 9
7413 9
7414 1
7415 2
7416 4
7417 3
7418 8
7419 0
7420 6
7421 1
7422 4
7423 3
7424 7
7425 5
7426 4
7427 4
7428 9
7429 8
7430 5
7431 9
7432 0
7433 6
7434 8
7435 6
7436 0
7437 7
7438 5
7439 1
7440 8
7441 5
7442 6
7443 3
7444 1
7445 4
7446 2
7447 7
7448 2
7449 5
7450 5
7451 2
7452 5
7453 5
7454 6
7455 4
7456 2
7457 5
7458 9
7459 3
7460 9
7461 6
7462 7
7463 0
7464 1
7465 4
7466 9
7467 8
7468 0
7469 4
7470 1
7471 4
7472 2
7473 5
7474 9
7475 8
7476 1
7477 8
7478 2
7479 3
7480 7
7481 8
7482 5
7483 2
7484 5
7485 7
7486 6
7487 8
7488 2
7489 9
7490 4
7491 3
7492 6
7493 3
7494 9
7495 5
7496 9
7497 6
7498 5
7499 6
7500 2
7501 4
7502 3
7503 8
7504 8
7505 5
7506 2
7507 0
7508 6
7509 5
7510 6
7511 5
7512 4
7513 8
7514 0
7515 7
7516 1
7517 0
7518 3
7519 8
7520 8
7521 4
7522 5
7523 4
7524 6
7525 3
7526 9
7527 4
7528 4
7529 5
7530 3
7531 7
7532 7
7533 0
7534 1
7535 9
7536 1
7537 7
7538 8
7539 4
7540 5
7541 7
7542 1
7543 8
7544 7
7545 4
7546 1
7547 0
7548 1
7549 1
7550 8
7551 6
7552 2
7553 2
7554 3
7555 2
7556 2
7557 7
7558 8
7559 0
7560 2
7561 5
7562 2
7563 5
7564 1
7565 9
7566 4
7567 3
7568 6
7569 2
7570 6
7571 5
7572 7
7573 4
7574 3
7575 8
7576 2
7577 4
7578 2
7579 2
7580 5
7581 6
7582 0
7583 9
7584 3
7585 5
7586 6
7587 7
7588 6
7589 9
7590 2
7591 5
7592 8
7593 2
7594 3
7595 8
7596 7
7597 7
7598 4
7599 9
7600 1
7601 1
7602 6
7603 0
7604 7
7605 3
7606 7
7607 7
7608 5
7609 9
7610 4
7611 5
7612 1
7613 4
7614 0
7615 1
7616 4
7617 4
7618 7
7619 0
7620 3
7621 1
7622 9
7623 0
7624 2
7625 2
7626 4
7627 1
7628 5
7629 3
7630 5
7631 5
7632 9
7633 1
7634 1
7635 2
7636 5
7637 0
7638 6
7639 1
7640 3
7641 8
7642 1
7643 7
7644 8
7645 2
7646 9
7647 7
7648 4
7649 2
7650 1
7651 2
7652 6
7653 4
7654 9
7655 8
7656 2
7657 6
7658 4
7659 1
7660 6
7661 1
7662 8
7663 7
7664 2
7665 4
7666 6
7667 0
7668 6
7669 3
7670 1
7671 3
7672 3
7673 4
7674 0
7675 8
7676 9
7677 1
7678 9
7679 2
7680 6
7681 7
7682 0
7683 2
7684 3
7685 5
7686 9
7687 7
7688 9
7689 5
7690 8
7691 0
7692 2
7693 3
7694 6
7695 5
7696 8
7697 4
7698 1
7699 6
7700 3
7701 1
7702 7
7703 5
7704 5
7705 6
7706 7
7707 9
7708 2
7709 3
7710 3
7711 5
7712 6
7713 6
7714 2
7715 1
7716 0
7717 1
7718 2
7719 3
7720 1
7721 3
7722 3
7723 5
7724 8
7725 4
7726 5
7727 4
7728 9
7729 4
7730 5
7731 9
7732 0
7733 5
7734 9
7735 0
7736 0
7737 6
7738 9
7739 9
7740 8
7741 4
7742 2
7743 0
7744 0
7745 6
7746 7
7747 2
7748 2
7749 6
7750 0
7751 2
7752 5
7753 1
7754 1
7755 6
7756 7
7757 7
7758 4
7759 3
7760 8
7761 4
7762 7
7763 3
7764 6
7765 4
7766 8
7767 2
7768 4
7769 3
7770 8
7771 5
7772 7
7773 1
7774 5
7775 4
7776 0
7777 7
7778 1
7779 4
7780 6
7781 2
7782 6
7783 5
7784 9
7785 4
7786 5
7787 6
7788 4
7789 2
7790 3
7791 9
7792 1
7793 1
7794 2
7795 7
7796 1
7797 7
7798 0
7799 7
7800 8
7801 0
7802 3
7803 0
7804 6
7805 3
7806 7
7807 1
7808 4
7809 1
7810 6
7811 9
7812 2
7813 6
7814 3
7815 8
7816 6
7817 4
7818 4
7819 0
7820 1
7821 0
7822 0
7823 5
7824 7
7825 1
7826 3
7827 1
7828 0
7829 9
7830 5
7831 8
7832 9
7833 6
7834 0
7835 6
7836 3
7837 2
7838 6
7839 4
7840 9
7841 6
7842 3
7843 7
7844 5
7845 5
7846 2
7847 9
7848 5
7849 6
7850 7
7851 6
7852 9
7853 3
7854 6
7855 4
7856 6
7857 8
7858 9
7859 4
7860 1
7861 0
7862 5
7863 1
7864 7
7865 9
7866 5
7867 2
7868 0
7869 0
7870 0
7871 6
7872 1
7873 6
7874 4
7875 5
7876 2
7877 0
7878 2
7879 1
7880 8
7881 8
7882 4
7883 3
7884 5
7885 3
7886 4
7887 0
7888 4
7889 7
7890 3
7891 0
7892 1
7893 8
7894 2
7895 4
7896 3
7897 9
7898 3
7899 0
7900 5
7901 1
7902 4
7903 8
7904 8
7905 1
7906 9
7907 8
7908 4
7909 5
7910 9
7911 3
7912 0
7913 7
7914 6
7915 2
7916 9
7917 6
7918 4
7919 0
7920 4
7921 4
7922 4
7923 5
7924 6
7925 8
7926 7
7927 7
7928 6
7929 2
7930 4
7931 1
7932 6
7933 5
7934 2
7935 8
7936 7
7937 1
7938 6
7939 2
7940 0
7941 7
7942 2
7943 7
7944 6
7945 7
7946 3
7947 1
7948 8
7949 6
7950 0
7951 6
7952 3
7953 2
7954 5
7955 4
7956 0
7957 8
7958 0
7959 1
7960 4
7961 2
7962 8
7963 8
7964 7
7965 4
7966 5
7967 7
7968 1
7969 1
7970 9
7971 8
7972 6
7973 5
7974 7
7975 3
7976 0
7977 7
7978 4
7979 7
7980 1
7981 7
7982 0
7983 1
7984 8
7985 8
7986 6
7987 6
7988 0
7989 3
7990 6
7991 8
7992 7
7993 9
7994 7
7995 0
7996 3
7997 6
7998 4
7999 7
8000 7
8001 0
8002 8
8003 5
8004 4
8005 8
8006 5
8007 2
8008 8
8009 7
8010 1
8011 6
8012 7
8013 0
8014 0
8015 0
8016 3
8017 6
8018 2
8019 2
8020 9
8021 2
8022 8
8023 5
8024 2
8025 8
8026 8
8027 3
8028 7
8029 4
8030 6
8031 8
8032 2
8033 4
8034 6
8035 6
8036 0
8037 5
8038 8
8039 8
8040 1
8041 4
8042 1
8043 1
8044 7
8045 5
8046 4
8047 0
8048 4
8049 7
8050 4
8051 4
8052 6
8053 0
8054 6
8055 1
8056 6
8057 7
8058 6
8059 3
8060 5
8061 4
8062 3
8063 0
8064 3
8065 7
8066 3
8067 9
8068 9
8069 2
8070 3
8071 7
8072 5
8073 6
8074 5
8075 9
8076 6
8077 5
8078 9
8079 3
8080 6
8081 9
8082 6
8083 7
8084 0
8085 8
8086 7
8087 9
8088 2
8089 3
8090 1
8091 6
8092 7
8093 7
8094 4
8095 4
8096 6
8097 8
8098 5
8099 6
8100 9
8101 3
8102 1
8103 0
8104 8
8105 3
8106 8
8107 2
8108 1
8109 0
8110 7
8111 8
8112 3
8113 0
8114 4
8115 8
8116 3
8117 1
8118 5
8119 9
8120 1
8121 9
8122 6
8123 4
8124 3
8125 0
8126 0
8127 2
8128 1
8129 4
8130 4
8131 1
8132 2
8133 5
8134 9
8135 7
8136 0
8137 2
8138 2
8139 8
8140 9
8141 0
8142 6
8143 3
8144 2
8145 0
8146 3
8147 1
8148 7
8149 4
8150 1
8151 0
8152 1
8153 1
8154 4
8155 9
8156 3
8157 6
8158 6
8159 4
8160 8
8161 0
8162 9
8163 5
8164 2
8165 9
8166 0
8167 3
8168 0
8169 1
8170 1
8171 7
8172 1
8173 6
8174 3
8175 3
8176 4
8177 5
8178 3
8179 1
8180 9
8181 1
8182 7
8183 9
8184 2
8185 2
8186 9
8187 3
8188 9
8189 2
8190 4
8191 2
8192 4
8193 2
8194 8
8195 7
8196 7
8197 2
8198 8
8199 3
8200 7
8201 8
8202 7
8203 2
8204 3
8205 4
8206 9
8207 5
8208 6
8209 9
8210 9
8211 2
8212 9
8213 2
8214 3
8215 2
8216 1
8217 3
8218 6
8219 0
8220 9
8221 2
8222 2
8223 3
8224 4
8225 9
8226 4
8227 7
8228 2
8229 2
8230 6
8231 4
8232 5
8233 8
8234 2
8235 4
8236 3
8237 7
8238 5
8239 5
8240 0
8241 9
8242 4
8243 5
8244 1
8245 5
8246 3
8247 3
8248 5
8249 5
8250 2
8251 0
8252 1
8253 1
8254 7
8255 6
8256 1
8257 2
8258 8
8259 9
8260 7
8261 5
8262 1
8263 7
8264 3
8265 3
8266 9
8267 5
8268 1
8269 3
8270 7
8271 1
8272 7
8273 8
8274 2
8275 9
8276 3
8277 3
8278 2
8279 8
8280 7
8281 1
8282 5
8283 8
8284 6
8285 0
8286 9
8287 4
8288 3
8289 8
8290 6
8291 6
8292 2
8293 7
8294 0
8295 1
8296 1
8297 7
8298 9
8299 1
8300 8
8301 4
8302 1
8303 5
8304 5
8305 4
8306 5
8307 8
8308 7
8309 2
8310 6
8311 4
8312 8
8313 9
8314 8
8315 2
8316 5
8317 1
8318 3
8319 9
8320 2
8321 5
8322 5
8323 5
8324 9
8325 4
8326 3
8327 7
8328 9
8329 5
8330 1
8331 9
8332 7
8333 3
8334 1
8335 7
8336 8
8337 6
8338 7
8339 4
8340 4
8341 8
8342 7
8343 6
8344 9
8345 9
8346 2
8347 5
8348 3
8349 2
8350 6
8351 1
8352 7
8353 9
8354 4
8355 2
8356 3
8357 3
8358 8
8359 1
8360 2
8361 9
8362 9
8363 9
8364 4
8365 1
8366 2
8367 7
8368 9
8369 3
8370 9
8371 8
8372 6
8373 0
8374 2
8375 6
8376 4
8377 4
8378 2
8379 4
8380 5
8381 1
8382 9
8383 6
8384 0
8385 0
8386 6
8387 0
8388 5
8389 4
8390 3
8391 6
8392 8
8393 1
8394 8
8395 6
8396 6
8397 4
8398 6
8399 7
8400 0
8401 9
8402 8
8403 6
8404 5
8405 9
8406 4
8407 4
8408 3
8409 6
8410 5
8411 9
8412 3
8413 0
8414 1
8415 5
8416 4
8417 3
8418 7
8419 6
8420 2
8421 9
8422 1
8423 4
8424 8
8425 6
8426 9
8427 7
8428 9
8429 5
8430 9
8431 7
8432 6
8433 9
8434 4
8435 9
8436 9
8437 6
8438 5
8439 3
8440 3
8441 5
8442 2
8443 7
8444 2
8445 1
8446 0
8447 0
8448 2
8449 0
8450 0
8451 2
8452 0
8453 9
8454 6
8455 7
8456 9
8457 1
8458 0
8459 4
8460 3
8461 9
8462 4
8463 8
8464 2
8465 5
8466 4
8467 7
8468 2
8469 4
8470 4
8471 1
8472 1
8473 3
8474 3
8475 4
8476 2
8477 2
8478 4
8479 4
8480 8
8481 7
8482 0
8483 0
8484 5
8485 4
8486 6
8487 3
8488 7
8489 6
8490 5
8491 6
8492 8
8493 4
8494 0
8495 8
8496 6
8497 6
8498 7
8499 6
8500 2
8501 1
8502 5
8503 3
8504 3
8505 7
8506 3
8507 6
8508 2
8509 7
8510 4
8511 6
8512 1
8513 5
8514 9
8515 1
8516 2
8517 0
8518 5
8519 4
8520 7
8521 0
8522 0
8523 8
8524 6
8525 2
8526 9
8527 0
8528 5
8529 7
8530 1
8531 6
8532 9
8533 8
8534 2
8535 5
8536 7
8537 3
8538 5
8539 3
8540 7
8541 0
8542 5
8543 2
8544 3
8545 9
8546 7
8547 6
8548 1
8549 2
8550 3
8551 1
8552 2
8553 3
8554 8
8555 4
8556 1
8557 2
8558 5
8559 6
8560 4
8561 3
8562 4
8563 9
8564 4
8565 1
8566 1
8567 7
8568 8
8569 9
8570 4
8571 9
8572 8
8573 6
8574 1
8575 5
8576 8
8577 2
8578 8
8579 5
8580 9
8581 7
8582 0
8583 2
8584 0
8585 9
8586 7
8587 1
8588 0
8589 9
8590 7
8591 0
8592 3
8593 9
8594 1
8595 9
8596 6
8597 3
8598 5
8599 2
8600 1
8601 6
8602 8
8603 1
8604 2
8605 2
8606 5
8607 8
8608 2
8609 2
8610 4
8611 7
8612 5
8613 6
8614 2
8615 7
8616 1
8617 9
8618 5
8619 1
8620 9
8621 3
8622 8
8623 2
8624 7
8625 2
8626 8
8627 2
8628 8
8629 5
8630 2
8631 0
8632 9
8633 1
8634 4
8635 7
8636 1
8637 8
8638 2
8639 3
8640 7
8641 5
8642 3
8643 4
8644 3
8645 6
8646 5
8647 5
8648 2
8649 5
8650 4
8651 0
8652 2
8653 0
8654 7
8655 4
8656 6
8657 2
8658 0
8659 3
8660 0
8661 6
8662 6
8663 7
8664 3
8665 0
8666 4
8667 7
8668 6
8669 9
8670 5
8671 2
8672 4
8673 7
8674 0
8675 0
8676 9
8677 4
8678 4
8679 1
8680 3
8681 8
8682 1
8683 4
8684 5
8685 6
8686 1
8687 7
8688 8
8689 2
8690 8
8691 2
8692 6
8693 6
8694 6
8695 3
8696 1
8697 9
8698 6
8699 1
8700 3
8701 9
8702 6
8703 7
8704 3
8705 5
8706 9
8707 3
8708 6
8709 7
8710 2
8711 5
8712 7
8713 2
8714 6
8715 4
8716 6
8717 0
8718 3
8719 3
8720 8
8721 8
8722 4
8723 9
8724 4
8725 6
8726 4
8727 2
8728 4
8729 8
8730 9
8731 4
8732 7
8733 2
8734 4
8735 4
8736 8
8737 9
8738 7
8739 8
8740 4
8741 8
8742 1
8743 5
8744 9
8745 6
8746 7
8747 1
8748 5
8749 3
8750 0
8751 6
8752 1
8753 5
8754 3
8755 8
8756 4
8757 6
8758 7
8759 1
8760 2
8761 2
8762 3
8763 6
8764 9
8765 8
8766 7
8767 1
8768 2
8769 8
8770 2
8771 3
8772 1
8773 9
8774 7
8775 8
8776 4
8777 7
8778 6
8779 9
8780 3
8781 1
8782 1
8783 0
8784 5
8785 7
8786 1
8787 6
8788 6
8789 2
8790 3
8791 6
8792 3
8793 7
8794 3
8795 2
8796 6
8797 2
8798 0
8799 7
8800 5
8801 9
8802 5
8803 9
8804 7
8805 1
8806 1
8807 8
8808 0
8809 4
8810 0
8811 1
8812 5
8813 1
8814 4
8815 3
8816 8
8817 9
8818 6
8819 2
8820 3
8821 1
8822 7
8823 0
8824 6
8825 0
8826 1
8827 9
8828 5
8829 8
8830 5
8831 7
8832 0
8833 9
8834 8
8835 2
8836 3
8837 8
8838 1
8839 3
8840 9
8841 2
8842 4
8843 6
8844 6
8845 6
8846 1
8847 3
8848 5
8849 2
8850 7
8851 9
8852 1
8853 3
8854 6
8855 9
8856 5
8857 6
8858 3
8859 7
8860 6
8861 5
8862 5
8863 9
8864 0
8865 4
8866 8
8867 6
8868 1
8869 6
8870 7
8871 6
8872 2
8873 0
8874 5
8875 1
8876 2
8877 9
8878 7
8879 4
8880 0
8881 9
8882 9
8883 8
8884 3
8885 1
8886 4
8887 9
8888 6
8889 5
8890 5
8891 9
8892 7
8893 8
8894 6
8895 0
8896 2
8897 5
8898 3
8899 4
8900 1
8901 0
8902 1
8903 2
8904 9
8905 4
8906 5
8907 4
8908 3
8909 9
8910 9
8911 8
8912 6
8913 7
8914 2
8915 8
8916 8
8917 3
8918 0
8919 0
8920 6
8921 2
8922 4
8923 4
8924 0
8925 8
8926 4
8927 4
8928 0
8929 1
8930 8
8931 6
8932 1
8933 8
8934 1
8935 5
8936 1
8937 1
8938 7
8939 5
8940 0
8941 6
8942 8
8943 7
8944 0
8945 8
8946 8
8947 7
8948 6
8949 4
8950 6
8951 7
8952 1
8953 6
8954 0
8955 9
8956 7
8957 9
8958 9
8959 2
8960 9
8961 2
8962 0
8963 1
8964 7
8965 7
8966 6
8967 9
8968 6
8969 2
8970 4
8971 9
8972 6
8973 3
8974 3
8975 0
8976 1
8977 5
8978 7
8979 5
8980 8
8981 2
8982 9
8983 2
8984 5
8985 9
8986 6
8987 1
8988 8
8989 8
8990 4
8991 9
8992 4
8993 8
8994 5
8995 8
8996 7
8997 2
8998 0
8999 0
9000 2
9001 2
9002 9
9003 2
9004 2
9005 4
9006 8
9007 0
9008 6
9009 0
9010 6
9011 2
9012 8
9013 8
9014 1
9015 2
9016 1
9017 7
9018 7
9019 8
9020 7
9021 3
9022 3
9023 8
9024 3
9025 1
9026 4
9027 5
9028 8
9029 8
9030 2
9031 5
9032 5
9033 1
9034 2
9035 9
9036 3
9037 9
9038 5
9039 3
9040 6
9041 5
9042 1
9043 0
9044 8
9045 8
9046 1
9047 9
9048 1
9049 8
9050 6
9051 5
9052 1
9053 2
9054 0
9055 0
9056 4
9057 4
9058 9
9059 2
9060 3
9061 1
9062 5
9063 4
9064 9
9065 8
9066 3
9067 9
9068 4
9069 7
9070 7
9071 3
9072 1
9073 4
9074 7
9075 3
9076 5
9077 7
9078 8
9079 6
9080 8
9081 8
9082 9
9083 7
9084 3
9085 1
9086 4
9087 2
9088 0
9089 4
9090 7
9091 3
9092 1
9093 0
9094 9
9095 4
9096 5
9097 3
9098 8
9099 1
9100 4
9101 6
9102 4
9103 8
9104 2
9105 2
9106 6
9107 3
9108 2
9109 1
9110 0
9111 2
9112 3
9113 3
9114 1
9115 0
9116 7
9117 9
9118 4
9119 3
9120 9
9121 5
9122 9
9123 7
9124 4
9125 6
9126 2
9127 8
9128 5
9129 2
9130 3
9131 5
9132 4
9133 1
9134 2
9135 9
9136 5
9137 7
9138 5
9139 1
9140 9
9141 1
9142 0
9143 6
9144 3
9145 5
9146 5
9147 8
9148 7
9149 9
9150 2
9151 3
9152 0
9153 0
9154 1
9155 9
9156 5
9157 6
9158 1
9159 8
9160 1
9161 3
9162 1
9163 2
9164 9
9165 4
9166 6
9167 1
9168 2
9169 0
9170 3
9171 0
9172 1
9173 5
9174 7
9175 5
9176 7
9177 6
9178 3
9179 4
9180 0
9181 1
9182 5
9183 9
9184 7
9185 8
9186 5
9187 6
9188 8
9189 1
9190 7
9191 5
9192 1
9193 7
9194 4
9195 9
9196 8
9197 4
9198 2
9199 3
9200 7
9201 7
9202 8
9203 8
9204 2
9205 4
9206 4
9207 7
9208 3
9209 7
9210 5
9211 3
9212 9
9213 8
9214 2
9215 4
9216 7
9217 4
9218 5
9219 7
9220 5
9221 9
9222 9
9223 6
9224 8
9225 6
9226 7
9227 7
9228 0
9229 7
9230 4
9231 0
9232 8
9233 5
9234 4
9235 5
9236 5
9237 7
9238 4
9239 3
9240 2
9241 9
9242 4
9243 2
9244 4
9245 0
9246 2
9247 6
9248 7
9249 8
9250 1
9251 9
9252 3
9253 8
9254 4
9255 8
9256 2
9257 2
9258 0
9259 3
9260 5
9261 4
9262 0
9263 9
9264 6
9265 2
9266 1
9267 0
9268 6
9269 0
9270 6
9271 0
9272 7
9273 2
9274 1
9275 9
9276 2
9277 4
9278 9
9279 9
9280 0
9281 8
9282 2
9283 5
9284 1
9285 0
9286 4
9287 8
9288 5
9289 4
9290 0
9291 0
9292 3
9293 1
9294 8
9295 4
9296 9
9297 6
9298 3
9299 1
9300 9
9301 9
9302 8
9303 6
9304 3
9305 2
9306 2
9307 1
9308 5
9309 6
9310 9
9311 0
9312 8
9313 9
9314 0
9315 9
9316 7
9317 6
9318 1
9319 4
9320 0
9321 5
9322 3
9323 1
9324 0
9325 7
9326 1
9327 6
9328 5
9329 1
9330 1
9331 3
9332 1
9333 2
9334 9
9335 3
9336 2
9337 6
9338 8
9339 5
9340 3
9341 4
9342 9
9343 8
9344 5
9345 2
9346 4
9347 4
9348 0
9349 2
9350 8
9351 6
9352 4
9353 4
9354 8
9355 2
9356 9
9357 3
9358 4
9359 7
9360 0
9361 5
9362 9
9363 1
9364 6
9365 0
9366 8
9367 5
9368 8
9369 6
9370 9
9371 9
9372 5
9373 9
9374 8
9375 1
9376 9
9377 8
9378 8
9379 9
9380 0
9381 3
9382 9
9383 5
9384 9
9385 9
9386 5
9387 5
9388 9
9389 1
9390 8
9391 1
9392 1
9393 0
9394 7
9395 6
9396 4
9397 1
9398 3
9399 4
9400 4
9401 6
9402 6
9403 5
9404 8
9405 8
9406 1
9407 4
9408 5
9409 2
9410 5
9411 4
9412 2
9413 5
9414 6
9415 5
9416 8
9417 8
9418 1
9419 5
9420 3
9421 5
9422 4
9423 5
9424 0
9425 2
9426 8
9427 8
9428 8
9429 4
9430 7
9431 3
9432 9
9433 9
9434 7
9435 5
9436 3
9437 2
9438 4
9439 3
9440 2
9441 7
9442 8
9443 0
9444 9
9445 0
9446 2
9447 1
9448 5
9449 2
9450 2
9451 5
9452 6
9453 9
9454 5
9455 2
9456 1
9457 8
9458 4
9459 4
9460 1
9461 4
9462 5
9463 2
9464 9
9465 8
9466 6
9467 5
9468 0
9469 8
9470 3
9471 5
9472 5
9473 1
9474 2
9475 9
9476 8
9477 3
9478 9
9479 8
9480 0
9481 2
9482 2
9483 6
9484 2
9485 3
9486 8
9487 2
9488 6
9489 4
9490 9
9491 7
9492 4
9493 8
9494 8
9495 1
9496 8
9497 1
9498 1
9499 5
9500 8
9501 1
9502 5
9503 2
9504 5
9505 0
9506 3
9507 4
9508 5
9509 9
9510 9
9511 7
9512 4
9513 9
9514 9
9515 1
9516 5
9517 9
9518 6
9519 6
9520 4
9521 0
9522 0
9523 9
9524 8
9525 3
9526 2
9527 0
9528 1
9529 4
9530 5
9531 2
9532 0
9533 0
9534 7
9535 0
9536 4
9537 8
9538 0
9539 3
9540 5
9541 5
9542 5
9543 6
9544 8
9545 5
9546 8
9547 9
9548 9
9549 7
9550 3
9551 0
9552 9
9553 9
9554 8
9555 1
9556 5
9557 0
9558 3
9559 1
9560 0
9561 4
9562 1
9563 9
9564 2
9565 2
9566 3
9567 8
9568 5
9569 0
9570 8
9571 9
9572 7
9573 4
9574 5
9575 3
9576 7
9577 3
9578 2
9579 7
9580 6
9581 1
9582 2
9583 9
9584 4
9585 7
9586 1
9587 7
9588 1
9589 2
9590 6
9591 8
9592 1
9593 6
9594 5
9595 3
9596 0
9597 8
9598 8
9599 6
9600 7
9601 0
9602 0
9603 5
9604 4
9605 7
9606 2
9607 8
9608 8
9609 6
9610 5
9611 7
9612 7
9613 9
9614 2
9615 2
9616 4
9617 6
9618 7
9619 0
9620 1
9621 7
9622 8
9623 2
9624 6
9625 5
9626 9
9627 4
9628 8
9629 2
9630 7
9631 2
9632 6
9633 0
9634 9
9635 7
9636 2
9637 2
9638 9
9639 0
9640 3
9641 4
9642 7
9643 1
9644 5
9645 7
9646 4
9647 1
9648 4
9649 0
9650 3
9651 1
9652 6
9653 6
9654 9
9655 7
9656 3
9657 1
9658 0
9659 7
9660 0
9661 5
9662 0
9663 5
9664 0
9665 7
9666 8
9667 2
9668 9
9669 6
9670 1
9671 0
9672 8
9673 2
9674 6
9675 0
9676 7
9677 2
9678 8
9679 7
9680 0
9681 4
9682 2
9683 9
9684 1
9685 2
9686 6
9687 0
9688 8
9689 2
9690 3
9691 1
9692 1
9693 9
9694 7
9695 4
9696 1
9697 5
9698 1
9699 0
9700 1
9701 4
9702 7
9703 3
9704 5
9705 7
9706 8
9707 4
9708 7
9709 8
9710 1
9711 0
9712 1
9713 0
9714 7
9715 2
9716 7
9717 9
9718 7
9719 1
9720 1
9721 2
9722 4
9723 2
9724 7
9725 9
9726 7
9727 6
9728 0
9729 2
9730 8
9731 4
9732 8
9733 1
9734 4
9735 1
9736 1
9737 5
9738 1
9739 6
9740 3
9741 3
9742 8
9743 8
9744 6
9745 8
9746 9
9747 6
9748 9
9749 0
9750 7
9751 8
9752 6
9753 7
9754 1
9755 7
9756 5
9757 7
9758 7
9759 2
9760 5
9761 9
9762 3
9763 8
9764 1
9765 5
9766 2
9767 4
9768 7
9769 9
9770 6
9771 1
9772 2
9773 3
9774 7
9775 8
9776 9
9777 9
9778 9
9779 9
9780 0
9781 3
9782 6
9783 6
9784 6
9785 1
9786 7
9787 5
9788 6
9789 0
9790 3
9791 5
9792 8
9793 8
9794 2
9795 1
9796 8
9797 1
9798 3
9799 2
9800 5
9801 4
9802 6
9803 7
9804 5
9805 6
9806 3
9807 4
9808 4
9809 8
9810 3
9811 0
9812 9
9813 1
9814 4
9815 8
9816 7
9817 2
9818 9
9819 6
9820 2
9821 6
9822 6
9823 9
9824 3
9825 7
9826 2
9827 1
9828 9
9829 8
9830 8
9831 5
9832 0
9833 2
9834 7
9835 0
9836 0
9837 1
9838 8
9839 8
9840 2
9841 9
9842 8
9843 1
9844 7
9845 3
9846 0
9847 1
9848 7
9849 0
9850 2
9851 4
9852 9
9853 4
9854 4
9855 2
9856 1
9857 4
9858 0
9859 6
9860 3
9861 1
9862 7
9863 2
9864 6
9865 5
9866 1
9867 9
9868 7
9869 1
9870 3
9871 9
9872 5
9873 0
9874 6
9875 2
9876 2
9877 1
9878 0
9879 8
9880 2
9881 7
9882 6
9883 4
9884 5
9885 0
9886 7
9887 1
9888 8
9889 1
9890 6
9891 6
9892 3
9893 9
9894 1
9895 0
9896 4
9897 3
9898 6
9899 6
9900 8
9901 3
9902 2
9903 9
9904 5
9905 6
9906 6
9907 3
9908 8
9909 0
9910 7
9911 3
9912 0
9913 7
9914 1
9915 9
9916 4
9917 5
9918 4
9919 3
9920 2
9921 1
9922 1
9923 2
9924 5
9925 5
9926 0
9927 5
9928 3
9929 6
9930 2
9931 0
9932 8
9933 9
9934 6
9935 7
9936 8
9937 3
9938 2
9939 3
9940 0
9941 3
9942 1
9943 0
9944 8
9945 5
9946 1
9947 7
9948 1
9949 4
9950 8
9951 1
9952 1
9953 4
9954 9
9955 2
9956 8
9957 5
9958 8
9959 8
9960 9
9961 9
9962 3
9963 6
9964 2
9965 8
9966 7
9967 0
9968 6
9969 4
9970 8
9971 8
9972 7
9973 5
9974 5
9975 8
9976 4
9977 3
9978 8
9979 9
9980 1
9981 3
9982 0
9983 0
9984 4
9985 7
9986 1
9987 8
9988 6
9989 8
9990 4
9991 6
9992 7
9993 9
9994 8
9995 5
9996 8
9997 1
9998 6
9999 5
10000 5
10001 5
10002 2
10003 1
10004 5
10005 9
10006 0
10007 1
10008 3
10009 9
10010 2
10011 5
10012 6
10013 0
10014 3
10015 2
10016 0
10017 6
10018 1
10019 3
10020 7
10021 6
10022 4
10023 2
10024 7
10025 1
10026 5
10027 6
10028 2
10029 8
10030 0
10031 1
10032 1
10033 8
10034 9
10035 7
10036 1
10037 0
10038 9
10039 6
10040 1
10041 1
10042 4
10043 0
10044 0
10045 2
10046 3
10047 9
10048 1
10049 3
10050 0
10051 3
10052 9
10053 3
10054 4
10055 0
10056 6
10057 0
10058 6
10059 1
10060 7
10061 7
10062 8
10063 4
10064 8
10065 2
10066 1
10067 1
10068 0
10069 2
10070 2
10071 1
10072 7
10073 1
10074 6
10075 5
10076 9
10077 9
10078 2
10079 6
10080 5
10081 9
10082 5
10083 9
10084 6
10085 8
10086 2
10087 9
10088 5
10089 8
10090 8
10091 9
10092 0
10093 5
10094 4
10095 4
10096 9
10097 8
10098 9
10099 6
10100 4
10101 8
10102 5
10103 7
10104 4
10105 0
10106 4
10107 1
10108 2
10109 2
10110 0
10111 4
10112 7
10113 4
10114 9
10115 7
10116 3
10117 5
10118 4
10119 2
10120 5
10121 6
10122 4
10123 6
10124 7
10125 1
10126 8
10127 4
10128 0
10129 2
10130 3
10131 6
10132 5
10133 0
10134 4
10135 6
10136 7
10137 9
10138 0
10139 5
10140 8
10141 2
10142 7
10143 4
10144 8
10145 5
10146 9
10147 0
10148 6
10149 9
10150 5
10151 0
10152 4
10153 7
10154 3
10155 5
10156 5
10157 5
10158 3
10159 5
10160 3
10161 1
10162 1
10163 8
10164 3
10165 8
10166 3
10167 5
10168 8
10169 0
10170 8
10171 9
10172 6
10173 5
10174 2
10175 8
10176 8
10177 6
10178 1
10179 5
10180 8
10181 8
10182 9
10183 4
10184 1
10185 7
10186 4
10187 4
10188 1
10189 6
10190 2
10191 1
10192 9
10193 8
10194 8
10195 6
10196 8
10197 0
10198 4
10199 2
10200 3
10201 0
10202 3
10203 4
10204 9
10205 2
10206 4
10207 3
10208 8
10209 9
10210 5
10211 8
10212 1
10213 4
10214 9
10215 7
10216 3
10217 6
10218 7
10219 2
10220 2
10221 2
10222 7
10223 4
10224 9
10225 5
10226 1
10227 8
10228 1
10229 1
10230 2
10231 7
10232 1
10233 4
10234 5
10235 3
10236 4
10237 3
10238 8
10239 6
10240 9
10241 7
10242 4
10243 9
10244 9
10245 2
10246 4
10247 3
10248 2
10249 4
10250 2
10251 1
10252 3
10253 8
10254 6
10255 8
10256 4
10257 1
10258 4
10259 8
10260 4
10261 8
10262 3
10263 7
10264 5
10265 7
10266 7
10267 0
10268 3
10269 3
10270 1
10271 0
10272 8
10273 7
10274 6
10275 1
10276 7
10277 6
10278 7
10279 1
10280 3
10281 3
10282 1
10283 9
10284 9
10285 4
10286 4
10287 2
10288 6
10289 3
10290 4
10291 9
10292 8
10293 8
10294 0
10295 6
10296 7
10297 2
10298 1
10299 6
10300 6
10301 7
10302 0
10303 2
10304 9
10305 8
10306 3
10307 7
10308 1
10309 7
10310 2
10311 3
10312 0
10313 5
10314 7
10315 1
10316 3
10317 0
10318 4
10319 9
10320 7
10321 2
10322 5
10323 6
10324 3
10325 8
10326 1
10327 9
10328 8
10329 8
10330 4
10331 4
10332 3
10333 6
10334 5
10335 3
10336 9
10337 9
10338 8
10339 1
10340 9
10341 4
10342 7
10343 9
10344 7
10345 0
10346 2
10347 2
10348 3
10349 2
10350 7
10351 5
10352 4
10353 3
10354 2
10355 9
10356 1
10357 1
10358 4
10359 4
10360 4
10361 4
10362 3
10363 3
10364 4
10365 6
10366 3
10367 2
10368 5
10369 2
10370 1
10371 1
10372 4
10373 7
10374 9
10375 3
10376 1
10377 8
10378 8
10379 4
10380 6
10381 4
10382 9
10383 7
10384 3
10385 5
10386 9
10387 4
10388 6
10389 9
10390 4
10391 4
10392 8
10393 4
10394 8
10395 0
10396 9
10397 5
10398 1
10399 7
10400 3
10401 4
10402 7
10403 7
10404 0
10405 9
10406 4
10407 0
10408 7
10409 2
10410 6
10411 1
10412 0
10413 9
10414 1
10415 4
10416 9
10417 3
10418 5
10419 1
10420 0
10421 5
10422 1
10423 8
10424 5
10425 5
10426 0
10427 4
10428 3
10429 1
10430 8
10431 8
10432 8
10433 5
10434 1
10435 6
10436 3
10437 8
10438 0
10439 1
10440 8
10441 0
10442 0
10443 2
10444 4
10445 2
10446 6
10447 8
10448 1
10449 7
10450 6
10451 3
10452 1
10453 7
10454 2
10455 6
10456 4
10457 5
10458 8
10459 9
10460 5
10461 7
10462 7
10463 8
10464 8
10465 1
10466 4
10467 6
10468 5
10469 8
10470 9
10471 4
10472 7
10473 3
10474 1
10475 6
10476 2
10477 1
10478 9
10479 9
10480 1
10481 3
10482 5
10483 4
10484 2
10485 1
10486 7
10487 9
10488 7
10489 0
10490 6
10491 9
10492 6
10493 3
10494 9
10495 2
10496 9
10497 5
10498 9
10499 1
10500 2
10501 5
10502 6
10503 0
10504 3
10505 8
10506 3
10507 8
10508 0
10509 4
10510 8
10511 5
10512 8
10513 5
10514 8
10515 3
10516 1
10517 5
10518 6
10519 7
10520 2
10521 7
10522 2
10523 5
10524 4
10525 1
10526 8
10527 4
10528 6
10529 1
10530 4
10531 6
10532 9
10533 9
10534 6
10535 6
10536 0
10537 3
10538 5
10539 1
10540 9
10541 0
10542 0
10543 7
10544 6
10545 7
10546 0
10547 1
10548 1
10549 1
10550 7
10551 8
10552 2
10553 3
10554 0
10555 5
10556 2
10557 7
10558 9
10559 9
10560 9
10561 8
10562 3
10563 1
10564 3
10565 1
10566 8
10567 6
10568 9
10569 8
10570 0
10571 7
10572 2
10573 4
10574 7
10575 8
10576 2
10577 1
10578 6
10579 8
10580 1
10581 7
10582 3
10583 3
10584 8
10585 9
10586 8
10587 4
10588 6
10589 9
10590 1
10591 2
10592 4
10593 9
10594 0
10595 5
10596 5
10597 7
10598 9
10599 1
10600 0
10601 8
10602 6
10603 7
10604 0
10605 6
10606 5
10607 4
10608 3
10609 0
10610 2
10611 5
10612 6
10613 2
10614 9
10615 3
10616 8
10617 0
10618 8
10619 1
10620 0
10621 9
10622 4
10623 8
10624 2
10625 3
10626 6
10627 0
10628 9
10629 1
10630 1
10631 1
10632 8
10633 2
10634 9
10635 6
10636 0
10637 6
10638 6
10639 8
10640 9
10641 4
10642 9
10643 7
10644 3
10645 8
10646 1
10647 9
10648 7
10649 6
10650 3
10651 1
10652 5
10653 1
10654 0
10655 5
10656 1
10657 5
10658 3
10659 8
10660 4
10661 9
10662 3
10663 5
10664 1
10665 7
10666 5
10667 5
10668 2
10669 3
10670 9
10671 7
10672 1
10673 9
10674 2
10675 8
10676 5
10677 3
10678 5
10679 6
10680 7
10681 1
10682 6
10683 3
10684 9
10685 2
10686 9
10687 4
10688 2
10689 1
10690 3
10691 3
10692 6
10693 5
10694 2
10695 6
10696 9
10697 5
10698 8
10699 0
10700 4
10701 9
10702 1
10703 0
10704 3
10705 9
10706 5
10707 0
10708 3
10709 5
10710 1
10711 8
10712 4
10713 0
10714 2
10715 4
10716 2
10717 1
10718 8
10719 7
10720 1
10721 9
10722 3
10723 5
10724 4
10725 6
10726 1
10727 8
10728 1
10729 4
10730 4
10731 7
10732 7
10733 9
10734 5
10735 9
10736 7
10737 0
10738 0
10739 3
10740 0
10741 3
10742 4
10743 9
10744 8
10745 1
10746 5
10747 9
10748 5
10749 7
10750 9
10751 7
10752 2
10753 0
10754 4
10755 3
10756 0
10757 6
10758 7
10759 7
10760 7
10761 5
10762 9
10763 4
10764 9
10765 4
10766 4
10767 9
10768 0
10769 1
10770 7
10771 2
10772 3
10773 1
10774 4
10775 2
10776 3
10777 7
10778 9
10779 8
10780 5
10781 9
10782 7
10783 4
10784 7
10785 6
10786 2
10787 6
10788 7
10789 7
10790 0
10791 7
10792 8
10793 0
10794 0
10795 8
10796 9
10797 8
10798 0
10799 1
10800 1
10801 8
10802 9
10803 1
10804 8
10805 5
10806 2
10807 2
10808 2
10809 2
10810 9
10811 2
10812 9
10813 2
10814 6
10815 2
10816 3
10817 2
10818 9
10819 7
10820 2
10821 9
10822 2
10823 8
10824 0
10825 6
10826 3
10827 1
10828 4
10829 7
10830 6
10831 4
10832 8
10833 1
10834 0
10835 0
10836 1
10837 1
10838 9
10839 1
10840 7
10841 0
10842 9
10843 9
10844 9
10845 3
10846 5
10847 3
10848 1
10849 7
10850 6
10851 9
10852 7
10853 3
10854 0
10855 8
10856 9
10857 4
10858 2
10859 2
10860 6
10861 3
10862 7
10863 4
10864 0
10865 2
10866 0
10867 1
10868 0
10869 0
10870 7
10871 0
10872 9
10873 3
10874 3
10875 5
10876 0
10877 6
10878 6
10879 6
10880 2
10881 2
10882 7
10883 8
10884 5
10885 5
10886 3
10887 3
10888 7
10889 7
10890 2
10891 2
10892 1
10893 7
10894 6
10895 4
10896 9
10897 5
10898 6
10899 9
10900 4
10901 2
10902 9
10903 5
10904 1
10905 3
10906 3
10907 4
10908 2
10909 2
10910 1
10911 7
10912 0
10913 5
10914 6
10915 1
10916 0
10917 6
10918 8
10919 1
10920 8
10921 1
10922 2
10923 7
10924 5
10925 6
10926 9
10927 6
10928 1
10929 4
10930 0
10931 4
10932 4
10933 7
10934 4
10935 9
10936 5
10937 8
10938 2
10939 9
10940 0
10941 3
10942 9
10943 2
10944 8
10945 6
10946 0
10947 8
10948 5
10949 7
10950 4
10951 5
10952 7
10953 3
10954 8
10955 8
10956 2
10957 9
10958 1
10959 9
10960 3
10961 6
10962 5
10963 0
10964 8
10965 0
10966 5
10967 2
10968 2
10969 4
10970 2
10971 8
10972 6
10973 1
10974 2
10975 2
10976 2
10977 1
10978 2
10979 7
10980 5
10981 4
10982 6
10983 3
10984 6
10985 3
10986 5
10987 1
10988 0
10989 5
10990 1
10991 3
10992 6
10993 7
10994 2
10995 2
10996 1
10997 2
10998 5
10999 8
11000 2
11001 2
11002 4
11003 5
11004 5
11005 7
11006 5
11007 0
11008 7
11009 7
11010 1
11011 0
11012 9
11013 3
11014 5
11015 5
11016 4
11017 8
11018 2
11019 4
11020 1
11021 8
11022 6
11023 4
11024 4
11025 0
11026 8
11027 1
11028 8
11029 2
11030 1
11031 8
11032 6
11033 8
11034 0
11035 6
11036 5
11037 7
11038 8
11039 0
11040 8
11041 0
11042 7
11043 9
11044 9
11045 7
11046 1
11047 9
11048 5
11049 1
11050 7
11051 7
11052 0
11053 9
11054 4
11055 7
11056 4
11057 1
11058 9
11059 7
11060 6
11061 7
11062 7
11063 7
11064 3
11065 2
11066 1
11067 2
11068 4
11069 8
11070 2
11071 3
11072 7
11073 1
11074 4
11075 6
11076 2
11077 3
11078 8
11079 4
11080 3
11081 9
11082 5
11083 4
11084 8
11085 7
11086 9
11087 3
11088 7
11089 2
11090 6
11091 7
11092 5
11093 5
11094 9
11095 9
11096 9
11097 1
11098 1
11099 7
11100 0
11101 2
11102 8
11103 1
11104 9
11105 7
11106 0
11107 6
11108 0
11109 7
11110 5
11111 6
11112 3
11113 5
11114 7
11115 6
11116 6
11117 6
11118 4
11119 1
11120 0
11121 1
11122 2
11123 8
11124 1
11125 3
11126 5
11127 0
11128 0
11129 9
11130 9
11131 0
11132 0
11133 8
11134 7
11135 0
11136 5
11137 3
11138 3
11139 5
11140 6
11141 2
11142 0
11143 0
11144 5
11145 2
11146 3
11147 3
11148 6
11149 9
11150 2
11151 9
11152 6
11153 0
11154 5
11155 4
11156 2
11157 9
11158 5
11159 0
11160 9
11161 2
11162 5
11163 4
11164 5
11165 4
11166 1
11167 9
11168 7
11169 3
11170 5
11171 2
11172 3
11173 8
11174 0
11175 8
11176 7
11177 7
11178 2
11179 6
11180 1
11181 6
11182 4
11183 4
11184 7
11185 2
11186 6
11187 5
11188 3
11189 7
11190 2
11191 2
11192 3
11193 0
11194 7
11195 5
11196 6
11197 8
11198 2
11199 6
11200 5
11201 0
11202 5
11203 4
11204 8
11205 4
11206 5
11207 0
11208 9
11209 6
11210 7
11211 9
11212 7
11213 7
11214 1
11215 8
11216 9
11217 9
11218 2
11219 0
11220 0
11221 8
11222 5
11223 4
11224 8
11225 9
11226 1
11227 3
11228 4
11229 7
11230 4
11231 0
11232 7
11233 3
11234 9
11235 6
11236 4
11237 1
11238 6
11239 0
11240 4
11241 9
11242 4
11243 1
11244 2
11245 4
11246 0
11247 3
11248 5
11249 5
11250 5
11251 3
11252 2
11253 6
11254 8
11255 1
11256 5
11257 7
11258 2
11259 4
11260 6
11261 2
11262 6
11263 9
11264 0
11265 2
11266 3
11267 8
11268 3
11269 9
11270 3
11271 8
11272 5
11273 1
11274 8
11275 7
11276 1
11277 8
11278 8
11279 0
11280 2
11281 5
11282 5
11283 0
11284 6
11285 8
11286 4
11287 9
11288 2
11289 5
11290 7
11291 6
11292 6
11293 2
11294 3
11295 8
11296 7
11297 4
11298 8
11299 4
11300 0
11301 5
11302 8
11303 7
11304 6
11305 0
11306 2
11307 0
11308 8
11309 5
11310 1
11311 5
11312 6
11313 8
11314 2
11315 2
11316 6
11317 9
11318 6
11319 3
11320 7
11321 5
11322 9
11323 5
11324 9
11325 5
11326 0
11327 5
11328 1
11329 9
11330 2
11331 4
11332 7
11333 2
11334 4
11335 1
11336 5
11337 1
11338 1
11339 3
11340 3
11341 5
11342 1
11343 6
11344 3
11345 3
11346 9
11347 9
11348 7
11349 9
11350 1
11351 5
11352 7
11353 2
11354 2
11355 2
11356 4
11357 0
11358 0
11359 9
11360 6
11361 1
11362 0
11363 8
11364 7
11365 8
11366 3
11367 9
11368 2
11369 7
11370 5
11371 2
11372 2
11373 5
11374 8
11375 8
11376 2
11377 2
11378 1
11379 3
11380 0
11381 9
11382 1
11383 3
11384 7
11385 0
11386 9
11387 0
11388 3
11389 9
11390 8
11391 2
11392 5
11393 3
11394 6
11395 0
11396 2
11397 6
11398 8
11399 1
11400 0
11401 2
11402 6
11403 7
11404 1
11405 4
11406 1
11407 9
11408 2
11409 4
11410 5
11411 7
11412 6
11413 5
11414 6
11415 6
11416 1
11417 7
11418 5
11419 7
11420 7
11421 4
11422 5
11423 9
11424 7
11425 7
11426 8
11427 1
11428 4
11429 0
11430 6
11431 8
11432 7
11433 7
11434 4
11435 8
11436 0
11437 3
11438 9
11439 2
11440 7
11441 2
11442 8
11443 8
11444 1
11445 1
11446 5
11447 8
11448 3
11449 8
11450 1
11451 7
11452 5
11453 6
11454 3
11455 1
11456 1
11457 9
11458 4
11459 7
11460 7
11461 3
11462 7
11463 6
11464 5
11465 6
11466 0
11467 7
11468 6
11469 6
11470 0
11471 0
11472 5
11473 7
11474 2
11475 6
11476 4
11477 6
11478 7
11479 8
11480 9
11481 5
11482 2
11483 9
11484 7
11485 9
11486 9
11487 8
11488 4
11489 5
11490 8
11491 0
11492 9
11493 8
11494 6
11495 2
11496 3
11497 6
11498 6
11499 6
11500 3
11501 7
11502 2
11503 8
11504 8
11505 6
11506 0
11507 4
11508 2
11509 0
11510 2
11511 2
11512 1
11513 0
11514 8
11515 1
11516 5
11517 7
11518 4
11519 6
11520 2
11521 2
11522 4
11523 8
11524 0
11525 7
11526 5
11527 3
11528 4
11529 4
11530 4
11531 7
11532 1
11533 0
11534 6
11535 8
11536 2
11537 6
11538 6
11539 8
11540 2
11541 4
11542 5
11543 3
11544 1
11545 3
11546 1
11547 4
11548 6
11549 7
11550 8
11551 3
11552 0
11553 1
11554 3
11555 9
11556 7
11557 9
11558 5
11559 5
11560 6
11561 5
11562 4
11563 6
11564 9
11565 4
11566 4
11567 6
11568 5
11569 6
11570 9
11571 9
11572 2
11573 4
11574 7
11575 9
11576 8
11577 8
11578 4
11579 7
11580 7
11581 3
11582 8
11583 7
11584 2
11585 5
11586 0
11587 9
11588 6
11589 4
11590 6
11591 7
11592 6
11593 2
11594 3
11595 8
11596 9
11597 0
11598 3
11599 6
11600 7
11601 9
11602 4
11603 1
11604 5
11605 5
11606 6
11607 9
11608 2
11609 9
11610 4
11611 5
11612 8
11613 9
11614 0
11615 0
11616 7
11617 6
11618 1
11619 4
11620 5
11621 2
11622 0
11623 0
11624 7
11625 8
11626 8
11627 6
11628 8
11629 5
11630 3
11631 6
11632 3
11633 6
11634 7
11635 8
11636 5
11637 8
11638 8
11639 1
11640 2
11641 6
11642 3
11643 9
11644 9
11645 1
11646 8
11647 9
11648 5
11649 9
11650 1
11651 5
11652 7
11653 6
11654 2
11655 0
11656 0
11657 4
11658 3
11659 2
11660 1
11661 7
11662 1
11663 9
11664 9
11665 6
11666 3
11667 6
11668 7
11669 9
11670 0
11671 2
11672 6
11673 9
11674 8
11675 8
11676 2
11677 9
11678 1
11679 1
11680 2
11681 4
11682 1
11683 3
11684 5
11685 3
11686 8
11687 0
11688 0
11689 3
11690 8
11691 2
11692 6
11693 2
11694 8
11695 0
11696 3
11697 1
11698 5
11699 0
11700 4
11701 0
11702 3
11703 0
11704 0
11705 3
11706 9
11707 7
11708 4
11709 9
11710 0
11711 1
11712 4
11713 3
11714 5
11715 3
11716 6
11717 0
11718 0
11719 7
11720 2
11721 4
11722 9
11723 7
11724 1
11725 4
11726 9
11727 2
11728 2
11729 1
11730 4
11731 4
11732 7
11733 9
11734 6
11735 4
11736 3
11737 7
11738 5
11739 8
11740 8
11741 2
11742 1
11743 6
11744 4
11745 9
11746 8
11747 5
11748 2
11749 1
11750 4
11751 2
11752 9
11753 1
11754 3
11755 9
11756 1
11757 5
11758 3
11759 8
11760 4
11761 2
11762 7
11763 3
11764 4
11765 0
11766 9
11767 2
11768 6
11769 6
11770 0
11771 5
11772 6
11773 5
11774 4
11775 1
11776 1
11777 0
11778 7
11779 8
11780 5
11781 9
11782 0
11783 0
11784 9
11785 8
11786 0
11787 4
11788 7
11789 5
11790 4
11791 8
11792 5
11793 0
11794 1
11795 5
11796 6
11797 3
11798 3
11799 9
11800 6
11801 2
11802 9
11803 4
11804 1
11805 1
11806 0
11807 0
11808 6
11809 8
11810 7
11811 3
11812 2
11813 2
11814 7
11815 0
11816 8
11817 8
11818 5
11819 8
11820 0
11821 3
11822 8
11823 9
11824 2
11825 0
11826 9
11827 3
11828 8
11829 6
11830 6
11831 6
11832 0
11833 2
11834 6
11835 6
11836 9
11837 8
11838 0
11839 0
11840 0
11841 6
11842 4
11843 7
11844 3
11845 7
11846 2
11847 8
11848 2
11849 4
11850 7
11851 8
11852 2
11853 0
11854 4
11855 1
11856 2
11857 4
11858 1
11859 1
11860 9
11861 2
11862 4
11863 1
11864 7
11865 3
11866 2
11867 9
11868 6
11869 1
11870 8
11871 8
11872 7
11873 6
11874 3
11875 3
11876 8
11877 0
11878 5
11879 5
11880 6
11881 4
11882 8
11883 2
11884 7
11885 6
11886 5
11887 6
11888 3
11889 4
11890 3
11891 6
11892 2
11893 8
11894 0
11895 6
11896 0
11897 2
11898 2
11899 4
11900 3
11901 4
11902 8
11903 2
11904 6
11905 4
11906 2
11907 7
11908 5
11909 2
11910 9
11911 4
11912 4
11913 4
11914 8
11915 6
11916 6
11917 8
11918 0
11919 4
11920 7
11921 0
11922 9
11923 5
11924 5
11925 8
11926 2
11927 1
11928 4
11929 8
11930 2
11931 5
11932 8
11933 9
11934 8
11935 6
11936 4
11937 4
11938 3
11939 0
11940 1
11941 6
11942 8
11943 8
11944 1
11945 2
11946 9
11947 9
11948 3
11949 8
11950 5
11951 3
11952 8
11953 6
11954 4
11955 6
11956 3
11957 0
11958 5
11959 6
11960 0
11961 3
11962 2
11963 3
11964 6
11965 0
11966 9
11967 9
11968 7
11969 7
11970 3
11971 1
11972 2
11973 3
11974 9
11975 6
11976 0
11977 8
11978 7
11979 0
11980 2
11981 9
11982 7
11983 5
11984 4
11985 2
11986 2
11987 7
11988 0
11989 9
11990 4
11991 8
11992 3
11993 8
11994 6
11995 1
11996 8
11997 7
11998 4
11999 8
12000 2
12001 5
12002 9
12003 0
12004 6
12005 6
12006 1
12007 2
12008 3
12009 2
12010 3
12011 6
12012 6
12013 0
12014 7
12015 9
12016 6
12017 1
12018 1
12019 0
12020 8
12021 3
12022 2
12023 0
12024 8
12025 7
12026 6
12027 0
12028 9
12029 7
12030 1
12031 7
12032 8
12033 5
12034 7
12035 8
12036 5
12037 1
12038 8
12039 0
12040 1
12041 5
12042 5
12043 0
12044 1
12045 4
12046 8
12047 5
12048 8
12049 2
12050 1
12051 3
12052 2
12053 6
12054 9
12055 9
12056 9
12057 5
12058 8
12059 0
12060 3
12061 1
12062 6
12063 6
12064 9
12065 1
12066 9
12067 1
12068 7
12069 5
12070 5
12071 2
12072 1
12073 4
12074 2
12075 8
12076 5
12077 0
12078 7
12079 2
12080 0
12081 8
12082 9
12083 9
12084 1
12085 5
12086 5
12087 7
12088 9
12089 7
12090 3
12091 1
12092 0
12093 7
12094 6
12095 0
12096 0
12097 9
12098 2
12099 4
12100 8
12101 2
12102 9
12103 3
12104 7
12105 8
12106 3
12107 0
12108 1
12109 6
12110 4
12111 1
12112 8
12113 2
12114 0
12115 2
12116 9
12117 4
12118 1
12119 2
12120 8
12121 6
12122 3
12123 2
12124 6
12125 3
12126 3
12127 1
12128 9
12129 6
12130 3
12131 1
12132 7
12133 8
12134 8
12135 3
12136 1
12137 9
12138 0
12139 1
12140 0
12141 7
12142 4
12143 2
12144 6
12145 0
12146 0
12147 9
12148 6
12149 6
12150 1
12151 6
12152 1
12153 6
12154 4
12155 7
12156 4
12157 3
12158 3
12159 9
12160 4
12161 1
12162 5
12163 4
12164 7
12165 1
12166 0
12167 3
12168 0
12169 4
12170 5
12171 2
12172 8
12173 3
12174 6
12175 5
12176 4
12177 6
12178 0
12179 6
12180 4
12181 0
12182 7
12183 1
12184 9
12185 3
12186 4
12187 8
12188 2
12189 4
12190 0
12191 2
12192 6
12193 8
12194 0
12195 8
12196 7
12197 4
12198 8
12199 0
12200 5
12201 1
12202 4
12203 1
12204 3
12205 8
12206 6
12207 8
12208 3
12209 1
12210 6
12211 9
12212 7
12213 4
12214 1
12215 2
12216 5
12217 0
12218 3
12219 0
12220 0
12221 2
12222 0
12223 2
12224 5
12225 8
12226 3
12227 7
12228 0
12229 6
12230 5
12231 1
12232 3
12233 1
12234 9
12235 6
12236 9
12237 6
12238 1
12239 7
12240 9
12241 0
12242 8
12243 1
12244 3
12245 6
12246 9
12247 1
12248 4
12249 6
12250 4
12251 5
12252 7
12253 6
12254 3
12255 6
12256 0
12257 4
12258 1
12259 8
12260 2
12261 3
12262 2
12263 8
12264 5
12265 4
12266 2
12267 3
12268 3
12269 0
12270 1
12271 7
12272 7
12273 3
12274 8
12275 8
12276 3
12277 9
12278 0
12279 4
12280 5
12281 3
12282 4
12283 5
12284 7
12285 4
12286 9
12287 6
12288 3
12289 5
12290 3
12291 1
12292 2
12293 4
12294 3
12295 1
12296 8
12297 7
12298 8
12299 9
12300 7
12301 2
12302 6
12303 9
12304 6
12305 2
12306 2
12307 4
12308 3
12309 8
12310 9
12311 0
12312 4
12313 0
12314 5
12315 4
12316 0
12317 3
12318 3
12319 9
12320 0
12321 3
12322 9
12323 3
12324 0
12325 6
12326 9
12327 5
12328 2
12329 8
12330 8
12331 4
12332 9
12333 3
12334 5
12335 8
12336 0
12337 5
12338 7
12339 7
12340 7
12341 7
12342 6
12343 1
12344 2
12345 5
12346 6
12347 4
12348 3
12349 3
12350 7
12351 1
12352 5
12353 9
12354 5
12355 1
12356 0
12357 8
12358 9
12359 5
12360 0
12361 2
12362 4
12363 0
12364 8
12365 9
12366 9
12367 8
12368 8
12369 9
12370 3
12371 1
12372 8
12373 5
12374 7
12375 0
12376 2
12377 0
12378 3
12379 1
12380 7
12381 8
12382 0
12383 0
12384 1
12385 3
12386 2
12387 8
12388 0
12389 1
12390 9
12391 9
12392 7
12393 7
12394 7
12395 9
12396 4
12397 5
12398 9
12399 3
12400 1
12401 1
12402 2
12403 2
12404 9
12405 9
12406 5
12407 5
12408 2
12409 3
12410 0
12411 8
12412 8
12413 4
12414 9
12415 3
12416 3
12417 8
12418 7
12419 5
12420 0
12421 1
12422 7
12423 1
12424 8
12425 6
12426 1
12427 5
12428 4
12429 1
12430 8
12431 6
12432 0
12433 3
12434 6
12435 4
12436 1
12437 7
12438 6
12439 7
12440 3
12441 9
12442 5
12443 6
12444 7
12445 6
12446 4
12447 9
12448 0
12449 5
12450 6
12451 3
12452 6
12453 1
12454 5
12455 9
12456 8
12457 8
12458 6
12459 2
12460 2
12461 4
12462 3
12463 6
12464 7
12465 2
12466 5
12467 2
12468 9
12469 5
12470 6
12471 9
12472 4
12473 8
12474 0
12475 6
12476 1
12477 9
12478 8
12479 6
12480 0
12481 7
12482 6
12483 9
12484 0
12485 6
12486 8
12487 3
12488 5
12489 9
12490 7
12491 2
12492 4
12493 5
12494 8
12495 9
12496 4
12497 2
12498 4
12499 1
12500 0
12501 6
12502 7
12503 6
12504 0
12505 6
12506 4
12507 6
12508 9
12509 8
12510 4
12511 4
12512 3
12513 9
12514 3
12515 9
12516 7
12517 0
12518 7
12519 6
12520 4
12521 0
12522 6
12523 1
12524 7
12525 5
12526 5
12527 0
12528 3
12529 5
12530 6
12531 5
12532 0
12533 0
12534 2
12535 7
12536 8
12537 3
12538 9
12539 9
12540 2
12541 1
12542 7
12543 3
12544 5
12545 6
12546 2
12547 8
12548 6
12549 8
12550 3
12551 9
12552 6
12553 1
12554 8
12555 0
12556 4
12557 0
12558 8
12559 4
12560 1
12561 6
12562 3
12563 6
12564 9
12565 1
12566 1
12567 9
12568 2
12569 1
12570 1
12571 5
12572 0
12573 1
12574 1
12575 5
12576 5
12577 7
12578 7
12579 6
12580 9
12581 4
12582 8
12583 6
12584 8
12585 5
12586 7
12587 9
12588 0
12589 8
12590 9
12591 2
12592 2
12593 4
12594 7
12595 1
12596 4
12597 8
12598 7
12599 8
12600 4
12601 5
12602 5
12603 3
12604 1
12605 5
12606 4
12607 7
12608 6
12609 8
12610 2
12611 5
12612 7
12613 4
12614 9
12615 5
12616 7
12617 2
12618 6
12619 0
12620 6
12621 2
12622 3
12623 7
12624 8
12625 7
12626 9
12627 8
12628 0
12629 1
12630 4
12631 9
12632 7
12633 0
12634 6
12635 7
12636 4
12637 7
12638 2
12639 2
12640 3
12641 5
12642 4
12643 6
12644 4
12645 0
12646 4
12647 9
12648 8
12649 2
12650 1
12651 0
12652 7
12653 7
12654 6
12655 6
12656 8
12657 5
12658 9
12659 4
12660 1
12661 3
12662 9
12663 6
12664 8
12665 5
12666 0
12667 7
12668 2
12669 4
12670 5
12671 0
12672 8
12673 5
12674 1
12675 4
12676 3
12677 3
12678 9
12679 0
12680 1
12681 8
12682 8
12683 8
12684 8
12685 1
12686 7
12687 3
12688 0
12689 5
12690 5
12691 5
12692 3
12693 6
12694 9
12695 3
12696 1
12697 6
12698 0
12699 1
12700 6
12701 7
12702 0
12703 6
12704 5
12705 3
12706 9
12707 0
12708 9
12709 3
12710 9
12711 1
12712 1
12713 4
12714 7
12715 4
12716 3
12717 2
12718 0
12719 9
12720 9
12721 3
12722 3
12723 4
12724 8
12725 0
12726 8
12727 9
12728 7
12729 6
12730 7
12731 2
12732 0
12733 0
12734 1
12735 6
12736 8
12737 8
12738 4
12739 4
12740 1
12741 7
12742 8
12743 3
12744 4
12745 2
12746 9
12747 8
12748 8
12749 8
12750 4
12751 0
12752 4
12753 7
12754 7
12755 1
12756 2
12757 6
12758 7
12759 0
12760 4
12761 8
12762 3
12763 5
12764 7
12765 6
12766 9
12767 3
12768 5
12769 2
12770 3
12771 0
12772 0
12773 6
12774 8
12775 0
12776 8
12777 2
12778 7
12779 5
12780 4
12781 1
12782 2
12783 8
12784 3
12785 7
12786 5
12787 4
12788 3
12789 5
12790 2
12791 9
12792 8
12793 5
12794 7
12795 3
12796 5
12797 5
12798 3
12799 3
12800 0
12801 5
12802 0
12803 7
12804 9
12805 7
12806 3
12807 0
12808 5
12809 0
12810 0
12811 6
12812 7
12813 1
12814 2
12815 0
12816 5
12817 2
12818 4
12819 0
12820 1
12821 2
12822 8
12823 9
12824 5
12825 5
12826 7
12827 7
12828 6
12829 2
12830 3
12831 6
12832 7
12833 1
12834 3
12835 8
12836 4
12837 2
12838 8
12839 1
12840 1
12841 6
12842 9
12843 4
12844 7
12845 6
12846 3
12847 5
12848 1
12849 9
12850 2
12851 0
12852 7
12853 6
12854 9
12855 9
12856 0
12857 3
12858 7
12859 1
12860 8
12861 9
12862 4
12863 3
12864 0
12865 3
12866 8
12867 0
12868 4
12869 2
12870 1
12871 6
12872 3
12873 7
12874 1
12875 4
12876 3
12877 8
12878 0
12879 2
12880 0
12881 2
12882 6
12883 0
12884 1
12885 1
12886 0
12887 6
12888 6
12889 6
12890 5
12891 3
12892 4
12893 8
12894 1
12895 7
12896 9
12897 5
12898 0
12899 2
12900 2
12901 3
12902 6
12903 5
12904 4
12905 7
12906 9
12907 3
12908 9
12909 1
12910 7
12911 1
12912 7
12913 8
12914 8
12915 3
12916 9
12917 6
12918 5
12919 7
12920 1
12921 4
12922 6
12923 5
12924 6
12925 4
12926 4
12927 7
12928 4
12929 3
12930 7
12931 4
12932 2
12933 0
12934 6
12935 6
12936 8
12937 6
12938 8
12939 8
12940 7
12941 3
12942 5
12943 8
12944 3
12945 3
12946 1
12947 9
12948 9
12949 7
12950 9
12951 4
12952 9
12953 1
12954 6
12955 3
12956 7
12957 7
12958 4
12959 3
12960 0
12961 7
12962 8
12963 0
12964 9
12965 1
12966 0
12967 4
12968 2
12969 7
12970 8
12971 4
12972 9
12973 8
12974 9
12975 6
12976 8
12977 4
12978 8
12979 6
12980 9
12981 6
12982 0
12983 6
12984 9
12985 3
12986 4
12987 1
12988 4
12989 5
12990 0
12991 4
12992 6
12993 2
12994 1
12995 3
12996 6
12997 4
12998 8
12999 5
13000 2
13001 3
13002 7
13003 7
13004 0
13005 7
13006 0
13007 9
13008 0
13009 1
13010 4
13011 5
13012 2
13013 2
13014 1
13015 9
13016 0
13017 2
13018 9
13019 4
13020 6
13021 8
13022 1
13023 8
13024 3
13025 1
13026 1
13027 0
13028 1
13029 0
13030 5
13031 9
13032 5
13033 4
13034 5
13035 9
13036 0
13037 0
13038 3
13039 4
13040 5
13041 6
13042 3
13043 7
13044 9
13045 2
13046 9
13047 4
13048 8
13049 0
13050 9
13051 8
13052 8
13053 6
13054 3
13055 0
13056 1
13057 4
13058 9
13059 9
13060 8
13061 2
13062 6
13063 8
13064 5
13065 4
13066 4
13067 2
13068 3
13069 1
13070 8
13071 5
13072 5
13073 0
13074 0
13075 8
13076 7
13077 8
13078 7
13079 7
13080 9
13081 7
13082 2
13083 3
13084 0
13085 2
13086 4
13087 9
13088 4
13089 9
13090 5
13091 5
13092 4
13093 8
13094 6
13095 8
13096 0
13097 9
13098 0
13099 1
13100 7
13101 0
13102 8
13103 6
13104 9
13105 7
13106 6
13107 5
13108 4
13109 8
13110 3
13111 1
13112 1
13113 5
13114 6
13115 1
13116 5
13117 7
13118 2
13119 7
13120 6
13121 2
13122 2
13123 0
13124 1
13125 1
13126 4
13127 7
13128 3
13129 3
13130 7
13131 6
13132 4
13133 4
13134 3
13135 9
13136 9
13137 1
13138 5
13139 0
13140 1
13141 4
13142 1
13143 8
13144 5
13145 6
13146 7
13147 9
13148 9
13149 0
13150 7
13151 4
13152 0
13153 0
13154 3
13155 0
13156 0
13157 3
13158 7
13159 6
13160 7
13161 2
13162 5
13163 6
13164 0
13165 2
13166 4
13167 3
13168 7
13169 4
13170 1
13171 3
13172 8
13173 8
13174 6
13175 0
13176 1
13177 8
13178 2
13179 6
13180 2
13181 8
13182 1
13183 1
13184 4
13185 7
13186 3
13187 1
13188 0
13189 2
13190 5
13191 4
13192 6
13193 9
13194 5
13195 1
13196 8
13197 9
13198 4
13199 7
13200 8
13201 5
13202 5
13203 7
13204 8
13205 5
13206 3
13207 1
13208 3
13209 6
13210 5
13211 8
13212 3
13213 4
13214 6
13215 9
13216 5
13217 5
13218 5
13219 2
13220 0
13221 1
13222 4
13223 0
13224 9
13225 8
13226 2
13227 1
13228 2
13229 8
13230 7
13231 5
13232 2
13233 5
13234 6
13235 3
13236 9
13237 6
13238 8
13239 9
13240 2
13241 6
13242 3
13243 9
13244 1
13245 8
13246 5
13247 8
13248 9
13249 8
13250 0
13251 8
13252 2
13253 5
13254 1
13255 6
13256 2
13257 3
13258 6
13259 7
13260 2
13261 4
13262 0
13263 6
13264 4
13265 7
13266 7
13267 3
13268 9
13269 1
13270 9
13271 4
13272 9
13273 0
13274 0
13275 8
13276 5
13277 0
13278 1
13279 9
13280 4
13281 6
13282 2
13283 8
13284 1
13285 7
13286 2
13287 2
13288 3
13289 8
13290 0
13291 9
13292 6
13293 5
13294 7
13295 3
13296 9
13297 6
13298 2
13299 9
13300 5
13301 7
13302 9
13303 0
13304 9
13305 3
13306 5
13307 6
13308 0
13309 2
13310 0
13311 6
13312 8
13313 6
13314 6
13315 6
13316 5
13317 8
13318 4
13319 9
13320 8
13321 9
13322 3
13323 4
13324 0
13325 8
13326 0
13327 0
13328 6
13329 3
13330 4
13331 0
13332 6
13333 5
13334 5
13335 0
13336 1
13337 5
13338 1
13339 5
13340 6
13341 9
13342 7
13343 1
13344 7
13345 8
13346 1
13347 4
13348 6
13349 3
13350 9
13351 9
13352 6
13353 5
13354 6
13355 9
13356 3
13357 0
13358 3
13359 3
13360 1
13361 8
13362 3
13363 2
13364 9
13365 7
13366 5
13367 1
13368 8
13369 3
13370 4
13371 1
13372 6
13373 3
13374 6
13375 4
13376 0
13377 8
13378 7
13379 5
13380 8
13381 0
13382 7
13383 3
13384 0
13385 8
13386 6
13387 8
13388 6
13389 9
13390 4
13391 3
13392 3
13393 7
13394 7
13395 0
13396 1
13397 3
13398 0
13399 5
13400 3
13401 4
13402 7
13403 5
13404 5
13405 3
13406 5
13407 0
13408 7
13409 0
13410 7
13411 3
13412 8
13413 0
13414 0
13415 2
13416 0
13417 3
13418 7
13419 6
13420 7
13421 8
13422 7
13423 9
13424 7
13425 1
13426 4
13427 9
13428 8
13429 9
13430 3
13431 7
13432 4
13433 9
13434 1
13435 3
13436 2
13437 8
13438 5
13439 5
13440 9
13441 9
13442 8
13443 9
13444 9
13445 5
13446 9
13447 3
13448 2
13449 0
13450 2
13451 8
13452 5
13453 5
13454 1
13455 6
13456 2
13457 0
13458 2
13459 2
13460 4
13461 8
13462 3
13463 5
13464 3
13465 5
13466 2
13467 3
13468 4
13469 3
13470 0
13471 6
13472 2
13473 5
13474 0
13475 0
13476 4
13477 5
13478 4
13479 1
13480 9
13481 4
13482 2
13483 4
13484 9
13485 7
13486 4
13487 5
13488 6
13489 8
13490 6
13491 5
13492 7
13493 7
13494 8
13495 3
13496 3
13497 5
13498 9
13499 7
13500 6
13501 4
13502 1
13503 6
13504 5
13505 7
13506 1
13507 9
13508 5
13509 1
13510 8
13511 9
13512 5
13513 5
13514 0
13515 8
13516 9
13517 6
13518 1
13519 3
13520 7
13521 6
13522 6
13523 1
13524 5
13525 9
13526 6
13527 5
13528 4
13529 4
13530 1
13531 7
13532 6
13533 1
13534 1
13535 2
13536 5
13537 9
13538 2
13539 4
13540 3
13541 9
13542 5
13543 5
13544 7
13545 7
13546 8
13547 7
13548 4
13549 3
13550 9
13551 9
13552 0
13553 2
13554 9
13555 0
13556 6
13557 2
13558 7
13559 6
13560 7
13561 7
13562 1
13563 5
13564 9
13565 7
13566 8
13567 5
13568 0
13569 7
13570 4
13571 4
13572 2
13573 0
13574 9
13575 8
13576 8
13577 8
13578 1
13579 9
13580 6
13581 4
13582 3
13583 3
13584 3
13585 5
13586 9
13587 3
13588 2
13589 2
13590 3
13591 6
13592 6
13593 7
13594 3
13595 4
13596 8
13597 3
13598 3
13599 9
13600 7
13601 6
13602 0
13603 2
13604 1
13605 4
13606 2
13607 4
13608 3
13609 6
13610 5
13611 6
13612 6
13613 8
13614 2
13615 2
13616 9
13617 6
13618 5
13619 6
13620 3
13621 3
13622 8
13623 6
13624 2
13625 9
13626 6
13627 4
13628 3
13629 6
13630 6
13631 4
13632 3
13633 0
13634 9
13635 8
13636 3
13637 6
13638 5
13639 7
13640 9
13641 0
13642 5
13643 0
13644 2
13645 7
13646 7
13647 4
13648 2
13649 8
13650 5
13651 8
13652 3
13653 2
13654 9
13655 3
13656 7
13657 6
13658 2
13659 5
13660 1
13661 5
13662 1
13663 3
13664 0
13665 4
13666 1
13667 9
13668 8
13669 6
13670 4
13671 9
13672 9
13673 8
13674 9
13675 3
13676 2
13677 3
13678 9
13679 9
13680 0
13681 8
13682 2
13683 6
13684 7
13685 2
13686 1
13687 0
13688 8
13689 5
13690 2
13691 5
13692 1
13693 4
13694 5
13695 2
13696 1
13697 9
13698 6
13699 6
13700 6
13701 4
13702 3
13703 3
13704 7
13705 6
13706 9
13707 1
13708 9
13709 2
13710 9
13711 1
13712 2
13713 4
13714 5
13715 6
13716 8
13717 3
13718 0
13719 7
13720 9
13721 0
13722 2
13723 0
13724 4
13725 6
13726 4
13727 7
13728 0
13729 0
13730 1
13731 0
13732 9
13733 7
13734 7
13735 5
13736 8
13737 9
13738 3
13739 8
13740 6
13741 5
13742 8
13743 5
13744 3
13745 6
13746 1
13747 9
13748 8
13749 8
13750 5
13751 4
13752 1
13753 5
13754 8
13755 7
13756 2
13757 3
13758 0
13759 9
13760 5
13761 5
13762 2
13763 2
13764 5
13765 0
13766 2
13767 9
13768 3
13769 8
13770 4
13771 1
13772 5
13773 3
13774 9
13775 8
13776 3
13777 1
13778 4
13779 5
13780 0
13781 4
13782 5
13783 6
13784 8
13785 2
13786 5
13787 8
13788 2
13789 0
13790 9
13791 6
13792 1
13793 9
13794 7
13795 8
13796 0
13797 6
13798 3
13799 5
13800 6
13801 4
13802 2
13803 0
13804 1
13805 8
13806 1
13807 6
13808 9
13809 6
13810 0
13811 2
13812 0
13813 1
13814 5
13815 9
13816 4
13817 1
13818 8
13819 5
13820 4
13821 0
13822 2
13823 5
13824 0
13825 1
13826 0
13827 8
13828 5
13829 1
13830 9
13831 9
13832 1
13833 7
13834 4
13835 4
13836 1
13837 2
13838 3
13839 2
13840 0
13841 4
13842 4
13843 3
13844 5
13845 9
13846 4
13847 3
13848 3
13849 2
13850 5
13851 5
13852 3
13853 8
13854 6
13855 7
13856 4
13857 8
13858 6
13859 6
13860 4
13861 8
13862 9
13863 3
13864 6
13865 9
13866 3
13867 0
13868 6
13869 7
13870 8
13871 8
13872 5
13873 2
13874 9
13875 5
13876 9
13877 9
13878 6
13879 4
13880 4
13881 6
13882 4
13883 1
13884 1
13885 2
13886 8
13887 4
13888 9
13889 9
13890 6
13891 0
13892 5
13893 6
13894 5
13895 2
13896 6
13897 5
13898 2
13899 3
13900 6
13901 0
13902 8
13903 2
13904 6
13905 7
13906 3
13907 9
13908 8
13909 9
13910 8
13911 1
13912 9
13913 8
13914 7
13915 1
13916 1
13917 7
13918 5
13919 4
13920 8
13921 7
13922 7
13923 4
13924 0
13925 9
13926 6
13927 9
13928 3
13929 9
13930 1
13931 8
13932 7
13933 5
13934 3
13935 1
13936 6
13937 1
13938 7
13939 9
13940 4
13941 6
13942 0
13943 8
13944 3
13945 6
13946 7
13947 8
13948 8
13949 9
13950 8
13951 0
13952 2
13953 2
13954 6
13955 0
13956 8
13957 1
13958 2
13959 4
13960 2
13961 4
13962 3
13963 4
13964 5
13965 1
13966 0
13967 9
13968 5
13969 9
13970 9
13971 5
13972 6
13973 8
13974 3
13975 8
13976 6
13977 8
13978 0
13979 0
13980 0
13981 8
13982 6
13983 1
13984 7
13985 9
13986 9
13987 3
13988 1
13989 0
13990 7
13991 1
13992 0
13993 7
13994 0
13995 2
13996 9
13997 6
13998 3
13999 8
14000 8
14001 1
14002 4
14003 0
14004 4
14005 9
14006 3
14007 9
14008 1
14009 2
14010 2
14011 1
14012 5
14013 7
14014 4
14015 0
14016 0
14017 3
14018 9
14019 5
14020 4
14021 8
14022 1
14023 8
14024 7
14025 5
14026 5
14027 7
14028 8
14029 5
14030 9
14031 2
14032 2
14033 3
14034 1
14035 6
14036 1
14037 2
14038 3
14039 4
14040 7
14041 2
14042 1
14043 1
14044 8
14045 6
14046 9
14047 6
14048 3
14049 0
14050 3
14051 3
14052 5
14053 0
14054 5
14055 5
14056 3
14057 1
14058 1
14059 4
14060 7
14061 0
14062 8
14063 5
14064 9
14065 9
14066 2
14067 3
14068 3
14069 5
14070 8
14071 8
14072 5
14073 7
14074 8
14075 7
14076 0
14077 0
14078 9
14079 2
14080 1
14081 1
14082 8
14083 4
14084 1
14085 3
14086 2
14087 6
14088 9
14089 8
14090 0
14091 0
14092 2
14093 5
14094 5
14095 2
14096 5
14097 5
14098 0
14099 9
14100 0
14101 9
14102 1
14103 4
14104 4
14105 0
14106 5
14107 9
14108 3
14109 0
14110 9
14111 0
14112 8
14113 4
14114 8
14115 1
14116 7
14117 9
14118 4
14119 3
14120 6
14121 2
14122 0
14123 4
14124 2
14125 1
14126 1
14127 4
14128 9
14129 4
14130 9
14131 3
14132 8
14133 0
14134 0
14135 4
14136 6
14137 1
14138 9
14139 2
14140 5
14141 6
14142 2
14143 8
14144 8
14145 0
14146 7
14147 2
14148 3
14149 1
14150 6
14151 3
14152 6
14153 7
14154 2
14155 0
14156 5
14157 3
14158 5
14159 9
14160 1
14161 4
14162 4
14163 0
14164 4
14165 9
14166 1
14167 5
14168 3
14169 9
14170 4
14171 3
14172 4
14173 9
14174 1
14175 6
14176 3
14177 2
14178 3
14179 0
14180 5
14181 6
14182 0
14183 9
14184 0
14185 2
14186 3
14187 4
14188 3
14189 0
14190 5
14191 8
14192 4
14193 2
14194 6
14195 1
14196 4
14197 6
14198 2
14199 3
14200 2
14201 3
14202 1
14203 0
14204 5
14205 0
14206 2
14207 7
14208 2
14209 8
14210 0
14211 5
14212 6
14213 8
14214 1
14215 7
14216 7
14217 4
14218 7
14219 3
14220 2
14221 3
14222 0
14223 2
14224 3
14225 8
14226 1
14227 6
14228 4
14229 1
14230 8
14231 3
14232 5
14233 5
14234 6
14235 9
14236 4
14237 4
14238 2
14239 6
14240 8
14241 8
14242 7
14243 8
14244 7
14245 2
14246 9
14247 1
14248 2
14249 1
14250 4
14251 5
14252 9
14253 0
14254 8
14255 1
14256 6
14257 2
14258 8
14259 1
14260 9
14261 5
14262 3
14263 0
14264 9
14265 4
14266 5
14267 0
14268 1
14269 9
14270 8
14271 6
14272 4
14273 0
14274 9
14275 8
14276 6
14277 3
14278 3
14279 7
14280 0
14281 5
14282 1
14283 5
14284 1
14285 8
14286 8
14287 3
14288 6
14289 9
14290 9
14291 3
14292 6
14293 8
14294 7
14295 2
14296 2
14297 7
14298 2
14299 3
14300 2
14301 1
14302 2
14303 8
14304 2
14305 1
14306 5
14307 7
14308 9
14309 4
14310 4
14311 2
14312 6
14313 1
14314 1
14315 6
14316 9
14317 3
14318 2
14319 5
14320 9
14321 2
14322 5
14323 8
14324 0
14325 9
14326 7
14327 2
14328 3
14329 7
14330 3
14331 5
14332 1
14333 4
14334 5
14335 6
14336 1
14337 6
14338 9
14339 8
14340 2
14341 4
14342 7
14343 3
14344 1
14345 3
14346 3
14347 0
14348 3
14349 8
14350 4
14351 4
14352 9
14353 5
14354 0
14355 4
14356 1
14357 2
14358 5
14359 3
14360 6
14361 6
14362 0
14363 9
14364 0
14365 5
14366 1
14367 5
14368 6
14369 5
14370 3
14371 2
14372 4
14373 5
14374 0
14375 8
14376 2
14377 7
14378 2
14379 1
14380 6
14381 0
14382 3
14383 0
14384 1
14385 9
14386 7
14387 9
14388 9
14389 4
14390 4
14391 9
14392 3
14393 3
14394 8
14395 0
14396 7
14397 6
14398 4
14399 7
14400 1
14401 2
14402 3
14403 4
14404 9
14405 5
14406 7
14407 9
14408 2
14409 1
14410 3
14411 4
14412 2
14413 2
14414 8
14415 1
14416 6
14417 2
14418 1
14419 9
14420 0
14421 7
14422 1
14423 8
14424 7
14425 4
14426 3
14427 8
14428 9
14429 8
14430 2
14431 2
14432 7
14433 3
14434 4
14435 2
14436 0
14437 8
14438 6
14439 0
14440 2
14441 8
14442 4
14443 5
14444 4
14445 7
14446 7
14447 2
14448 1
14449 0
14450 6
14451 7
14452 2
14453 0
14454 7
14455 1
14456 4
14457 7
14458 6
14459 9
14460 8
14461 8
14462 5
14463 5
14464 2
14465 6
14466 9
14467 4
14468 0
14469 1
14470 4
14471 3
14472 8
14473 8
14474 0
14475 7
14476 3
14477 8
14478 0
14479 9
14480 3
14481 9
14482 3
14483 8
14484 0
14485 4
14486 4
14487 7
14488 0
14489 7
14490 6
14491 7
14492 7
14493 9
14494 4
14495 8
14496 1
14497 3
14498 6
14499 8
14500 1
14501 5
14502 6
14503 5
14504 8
14505 9
14506 9
14507 7
14508 9
14509 8
14510 3
14511 6
14512 8
14513 2
14514 4
14515 2
14516 3
14517 4
14518 5
14519 9
14520 2
14521 6
14522 0
14523 7
14524 1
14525 5
14526 1
14527 5
14528 2
14529 7
14530 0
14531 1
14532 2
14533 6
14534 9
14535 8
14536 0
14537 1
14538 3
14539 4
14540 4
14541 2
14542 8
14543 3
14544 7
14545 4
14546 6
14547 9
14548 8
14549 0
14550 6
14551 7
14552 6
14553 6
14554 7
14555 0
14556 7
14557 4
14558 9
14559 0
14560 8
14561 8
14562 2
14563 1
14564 9
14565 0
14566 6
14567 8
14568 4
14569 7
14570 0
14571 6
14572 6
14573 5
14574 6
14575 3
14576 5
14577 5
14578 6
14579 3
14580 8
14581 7
14582 9
14583 9
14584 3
14585 5
14586 9
14587 3
14588 9
14589 4
14590 6
14591 6
14592 4
14593 5
14594 5
14595 4
14596 9
14597 4
14598 3
14599 5
14600 0
14601 3
14602 3
14603 7
14604 4
14605 9
14606 3
14607 3
14608 8
14609 5
14610 7
14611 2
14612 3
14613 6
14614 6
14615 8
14616 5
14617 4
14618 3
14619 4
14620 5
14621 7
14622 8
14623 9
14624 9
14625 6
14626 6
14627 5
14628 5
14629 1
14630 3
14631 8
14632 6
14633 2
14634 0
14635 2
14636 3
14637 1
14638 5
14639 0
14640 7
14641 0
14642 2
14643 7
14644 2
14645 6
14646 7
14647 7
14648 5
14649 7
14650 7
14651 2
14652 4
14653 8
14654 7
14655 4
14656 8
14657 1
14658 4
14659 4
14660 2
14661 8
14662 6
14663 5
14664 6
14665 7
14666 2
14667 6
14668 2
14669 1
14670 8
14671 4
14672 1
14673 4
14674 7
14675 1
14676 7
14677 3
14678 2
14679 7
14680 8
14681 2
14682 4
14683 7
14684 5
14685 8
14686 4
14687 2
14688 0
14689 8
14690 1
14691 6
14692 8
14693 6
14694 3
14695 4
14696 3
14697 3
14698 2
14699 7
14700 2
14701 1
14702 1
14703 8
14704 9
14705 8
14706 6
14707 0
14708 3
14709 8
14710 4
14711 8
14712 5
14713 4
14714 0
14715 7
14716 1
14717 5
14718 5
14719 2
14720 9
14721 4
14722 2
14723 8
14724 0
14725 3
14726 7
14727 9
14728 1
14729 2
14730 1
14731 6
14732 3
14733 7
14734 3
14735 4
14736 7
14737 4
14738 7
14739 1
14740 9
14741 3
14742 6
14743 2
14744 5
14745 3
14746 7
14747 8
14748 4
14749 9
14750 8
14751 9
14752 0
14753 5
14754 2
14755 2
14756 3
14757 4
14758 7
14759 1
14760 3
14761 0
14762 8
14763 7
14764 1
14765 8
14766 9
14767 7
14768 6
14769 6
14770 4
14771 7
14772 9
14773 2
14774 5
14775 6
14776 2
14777 5
14778 7
14779 8
14780 4
14781 3
14782 0
14783 2
14784 8
14785 8
14786 5
14787 3
14788 2
14789 3
14790 6
14791 6
14792 7
14793 2
14794 2
14795 9
14796 6
14797 6
14798 5
14799 5
14800 1
14801 7
14802 0
14803 9
14804 0
14805 2
14806 1
14807 6
14808 6
14809 0
14810 5
14811 2
14812 3
14813 0
14814 1
14815 6
14816 2
14817 9
14818 6
14819 0
14820 4
14821 6
14822 3
14823 1
14824 8
14825 4
14826 1
14827 4
14828 0
14829 8
14830 3
14831 7
14832 8
14833 1
14834 2
14835 1
14836 5
14837 5
14838 4
14839 4
14840 5
14841 0
14842 0
14843 2
14844 8
14845 0
14846 3
14847 4
14848 2
14849 4
14850 3
14851 4
14852 8
14853 1
14854 7
14855 6
14856 7
14857 9
14858 2
14859 6
14860 7
14861 4
14862 9
14863 3
14864 9
14865 2
14866 8
14867 0
14868 3
14869 7
14870 3
14871 7
14872 4
14873 2
14874 2
14875 9
14876 8
14877 0
14878 1
14879 8
14880 0
14881 9
14882 3
14883 0
14884 2
14885 9
14886 7
14887 2
14888 2
14889 7
14890 4
14891 2
14892 0
14893 5
14894 5
14895 8
14896 6
14897 0
14898 5
14899 6
14900 3
14901 6
14902 5
14903 3
14904 9
14905 6
14906 3
14907 0
14908 7
14909 6
14910 7
14911 9
14912 8
14913 8
14914 6
14915 6
14916 6
14917 5
14918 3
14919 1
14920 7
14921 3
14922 0
14923 8
14924 5
14925 9
14926 6
14927 5
14928 7
14929 8
14930 3
14931 6
14932 7
14933 9
14934 2
14935 8
14936 0
14937 0
14938 6
14939 5
14940 3
14941 3
14942 7
14943 3
14944 3
14945 8
14946 8
14947 4
14948 3
14949 5
14950 7
14951 3
14952 3
14953 2
14954 8
14955 2
14956 1
14957 3
14958 6
14959 2
14960 5
14961 7
14962 9
14963 4
14964 8
14965 1
14966 0
14967 7
14968 2
14969 1
14970 4
14971 1
14972 0
14973 1
14974 3
14975 5
14976 7
14977 2
14978 4
14979 7
14980 6
14981 6
14982 3
14983 3
14984 0
14985 0
14986 3
14987 7
14988 6
14989 7
14990 0
14991 2
14992 1
14993 6
14994 0
14995 6
14996 4
14997 4
14998 1
14999 9
15000 5
15001 8
15002 8
15003 1
15004 4
15005 9
15006 7
15007 2
15008 8
15009 0
15010 9
15011 2
15012 5
15013 3
15014 8
15015 1
15016 0
15017 9
15018 7
15019 1
15020 7
15021 3
15022 0
15023 4
15024 8
15025 3
15026 6
15027 0
15028 5
15029 5
15030 1
15031 6
15032 8
15033 0
15034 2
15035 9
15036 7
15037 7
15038 6
15039 7
15040 0
15041 3
15042 3
15043 8
15044 5
15045 7
15046 1
15047 1
15048 6
15049 1
15050 1
15051 6
15052 3
15053 5
15054 7
15055 3
15056 7
15057 9
15058 2
15059 7
15060 2
15061 7
15062 1
15063 8
15064 5
15065 0
15066 6
15067 9
15068 5
15069 7
15070 4
15071 8
15072 3
15073 0
15074 8
15075 9
15076 8
15077 5
15078 4
15079 1
15080 7
15081 8
15082 6
15083 5
15084 3
15085 2
15086 5
15087 2
15088 2
15089 0
15090 3
15091 0
15092 5
15093 5
15094 8
15095 4
15096 3
15097 2
15098 8
15099 7
15100 5
15101 0
15102 5
15103 3
15104 6
15105 5
15106 7
15107 0
15108 7
15109 3
15110 2
15111 3
15112 7
15113 6
15114 8
15115 7
15116 8
15117 3
15118 9
15119 5
15120 3
15121 6
15122 6
15123 7
15124 0
15125 6
15126 5
15127 6
15128 5
15129 8
15130 4
15131 3
15132 7
15133 1
15134 2
15135 1
15136 2
15137 3
15138 6
15139 8
15140 1
15141 9
15142 4
15143 0
15144 6
15145 8
15146 8
15147 6
15148 8
15149 8
15150 0
15151 2
15152 3
15153 1
15154 9
15155 7
15156 9
15157 2
15158 6
15159 5
15160 9
15161 9
15162 2
15163 4
15164 2
15165 2
15166 6
15167 3
15168 6
15169 3
15170 8
15171 8
15172 8
15173 9
15174 1
15175 1
15176 2
15177 8
15178 9
15179 4
15180 6
15181 9
15182 0
15183 4
15184 0
15185 2
15186 0
15187 2
15188 1
15189 1
15190 3
15191 0
15192 9
15193 0
15194 9
15195 2
15196 6
15197 5
15198 2
15199 9
15200 0
15201 4
15202 4
15203 4
15204 0
15205 3
15206 5
15207 1
15208 6
15209 7
15210 1
15211 9
15212 5
15213 5
15214 8
15215 8
15216 9
15217 0
15218 2
15219 5
15220 8
15221 5
15222 4
15223 5
15224 3
15225 5
15226 6
15227 5
15228 9
15229 0
15230 7
15231 5
15232 6
15233 6
15234 3
15235 6
15236 2
15237 1
15238 1
15239 7
15240 0
15241 6
15242 4
15243 2
15244 4
15245 9
15246 3
15247 0
15248 0
15249 5
15250 9
15251 8
15252 1
15253 1
15254 6
15255 9
15256 4
15257 3
15258 9
15259 6
15260 5
15261 3
15262 6
15263 5
15264 3
15265 0
15266 0
15267 0
15268 1
15269 4
15270 4
15271 6
15272 0
15273 7
15274 1
15275 3
15276 7
15277 7
15278 7
15279 8
15280 6
15281 3
15282 4
15283 5
15284 0
15285 7
15286 0
15287 2
15288 4
15289 5
15290 2
15291 6
15292 2
15293 9
15294 1
15295 3
15296 3
15297 2
15298 3
15299 9
15300 0
15301 6
15302 6
15303 6
15304 4
15305 8
15306 0
15307 4
15308 2
15309 6
15310 7
15311 4
15312 4
15313 9
15314 7
15315 1
15316 6
15317 5
15318 7
15319 8
15320 2
15321 6
15322 7
15323 3
15324 7
15325 9
15326 9
15327 8
15328 6
15329 1
15330 7
15331 4
15332 2
15333 0
15334 2
15335 5
15336 8
15337 7
15338 8
15339 5
15340 9
15341 0
15342 0
15343 7
15344 6
15345 0
15346 9
15347 5
15348 7
15349 7
15350 7
15351 0
15352 2
15353 8
15354 2
15355 3
15356 0
15357 2
15358 9
15359 5
15360 1
15361 2
15362 0
15363 6
15364 2
15365 3
15366 7
15367 9
15368 0
15369 5
15370 8
15371 4
15372 9
15373 6
15374 8
15375 5
15376 4
15377 5
15378 7
15379 9
15380 1
15381 2
15382 5
15383 4
15384 9
15385 8
15386 7
15387 4
15388 9
15389 3
15390 9
15391 2
15392 2
15393 6
15394 6
15395 3
15396 1
15397 0
15398 4
15399 2
15400 4
15401 3
15402 1
15403 0
15404 6
15405 3
15406 8
15407 6
15408 1
15409 2
15410 7
15411 1
15412 7
15413 2
15414 4
15415 7
15416 7
15417 5
15418 6
15419 7
15420 1
15421 8
15422 8
15423 8
15424 2
15425 0
15426 6
15427 4
15428 7
15429 3
15430 8
15431 3
15432 6
15433 2
15434 1
15435 1
15436 7
15437 5
15438 7
15439 2
15440 9
15441 1
15442 3
15443 8
15444 6
15445 2
15446 9
15447 2
15448 3
15449 4
15450 2
15451 9
15452 9
15453 2
15454 0
15455 7
15456 5
15457 5
15458 3
15459 3
15460 3
15461 6
15462 0
15463 4
15464 1
15465 5
15466 1
15467 4
15468 8
15469 2
15470 7
15471 9
15472 0
15473 5
15474 2
15475 7
15476 5
15477 8
15478 6
15479 4
15480 5
15481 4
15482 3
15483 8
15484 4
15485 6
15486 3
15487 2
15488 3
15489 0
15490 5
15491 4
15492 8
15493 5
15494 0
15495 8
15496 2
15497 1
15498 1
15499 6
15500 4
15501 5
15502 4
15503 8
15504 9
15505 6
15506 1
15507 4
15508 3
15509 7
15510 0
15511 3
15512 2
15513 1
15514 1
15515 0
15516 5
15517 8
15518 1
15519 6
15520 6
15521 7
15522 0
15523 6
15524 9
15525 0
15526 7
15527 1
15528 6
15529 7
15530 5
15531 3
15532 9
15533 6
15534 6
15535 9
15536 9
15537 6
15538 9
15539 3
15540 4
15541 7
15542 0
15543 5
15544 1
15545 9
15546 5
15547 6
15548 9
15549 7
15550 2
15551 8
15552 0
15553 1
15554 6
15555 1
15556 8
15557 7
15558 5
15559 8
15560 6
15561 5
15562 6
15563 3
15564 1
15565 8
15566 2
15567 9
15568 6
15569 7
15570 1
15571 6
15572 3
15573 8
15574 9
15575 8
15576 3
15577 3
15578 5
15579 0
15580 3
15581 5
15582 1
15583 9
15584 9
15585 9
15586 2
15587 2
15588 3
15589 5
15590 8
15591 7
15592 5
15593 5
15594 0
15595 6
15596 4
15597 3
15598 3
15599 6
15600 5
15601 9
15602 9
15603 1
15604 9
15605 3
15606 3
15607 5
15608 0
15609 5
15610 4
15611 5
15612 7
15613 9
15614 8
15615 9
15616 9
15617 7
15618 8
15619 6
15620 0
15621 8
15622 9
15623 0
15624 1
15625 5
15626 0
15627 5
15628 6
15629 9
15630 1
15631 3
15632 0
15633 7
15634 8
15635 6
15636 4
15637 9
15638 9
15639 1
15640 2
15641 9
15642 5
15643 5
15644 5
15645 1
15646 5
15647 6
15648 0
15649 1
15650 5
15651 0
15652 5
15653 9
15654 1
15655 4
15656 8
15657 5
15658 5
15659 7
15660 0
15661 0
15662 7
15663 2
15664 0
15665 8
15666 5
15667 1
15668 2
15669 1
15670 2
15671 2
15672 2
15673 3
15674 7
15675 3
15676 2
15677 3
15678 6
15679 0
15680 1
15681 4
15682 8
15683 2
15684 9
15685 2
15686 2
15687 8
15688 8
15689 0
15690 8
15691 1
15692 0
15693 9
15694 2
15695 8
15696 4
15697 9
15698 1
15699 7
15700 4
15701 6
15702 7
15703 1
15704 0
15705 4
15706 6
15707 8
15708 0
15709 8
15710 2
15711 2
15712 7
15713 9
15714 6
15715 7
15716 8
15717 0
15718 5
15719 8
15720 5
15721 4
15722 6
15723 2
15724 2
15725 7
15726 4
15727 2
15728 5
15729 7
15730 1
15731 1
15732 9
15733 1
15734 9
15735 0
15736 6
15737 2
15738 3
15739 5
15740 1
15741 9
15742 0
15743 1
15744 8
15745 1
15746 1
15747 5
15748 5
15749 8
15750 8
15751 3
15752 9
15753 3
15754 3
15755 4
15756 5
15757 8
15758 0
15759 9
15760 2
15761 0
15762 8
15763 5
15764 0
15765 0
15766 5
15767 9
15768 8
15769 4
15770 3
15771 3
15772 4
15773 5
15774 4
15775 7
15776 1
15777 8
15778 4
15779 1
15780 4
15781 8
15782 3
15783 8
15784 4
15785 6
15786 7
15787 4
15788 5
15789 4
15790 4
15791 9
15792 8
15793 8
15794 2
15795 1
15796 2
15797 3
15798 6
15799 4
15800 0
15801 4
15802 3
15803 3
15804 6
15805 5
15806 7
15807 0
15808 7
15809 7
15810 2
15811 8
15812 1
15813 6
15814 5
15815 6
15816 3
15817 3
15818 4
15819 5
15820 5
15821 5
15822 6
15823 9
15824 9
15825 3
15826 1
15827 2
15828 8
15829 4
15830 3
15831 0
15832 1
15833 6
15834 8
15835 4
15836 3
15837 9
15838 8
15839 0
15840 6
15841 4
15842 1
15843 0
15844 1
15845 1
15846 2
15847 1
15848 4
15849 2
15850 4
15851 1
15852 0
15853 1
15854 7
15855 2
15856 3
15857 3
15858 5
15859 1
15860 7
15861 3
15862 9
15863 1
15864 4
15865 1
15866 6
15867 7
15868 7
15869 1
15870 8
15871 6
15872 9
15873 4
15874 5
15875 3
15876 8
15877 7
15878 5
15879 2
15880 5
15881 9
15882 8
15883 9
15884 5
15885 5
15886 7
15887 3
15888 7
15889 5
15890 5
15891 8
15892 0
15893 7
15894 6
15895 0
15896 1
15897 5
15898 0
15899 6
15900 2
15901 4
15902 1
15903 3
15904 4
15905 7
15906 1
15907 6
15908 2
15909 1
15910 8
15911 7
15912 9
15913 4
15914 8
15915 6
15916 1
15917 8
15918 8
15919 5
15920 1
15921 4
15922 0
15923 3
15924 7
15925 2
15926 1
15927 9
15928 8
15929 0
15930 0
15931 2
15932 5
15933 7
15934 2
15935 8
15936 4
15937 6
15938 6
15939 5
15940 2
15941 7
15942 4
15943 0
15944 1
15945 2
15946 9
15947 6
15948 6
15949 0
15950 9
15951 0
15952 3
15953 5
15954 7
15955 0
15956 2
15957 1
15958 7
15959 1
15960 4
15961 2
15962 1
15963 8
15964 6
15965 9
15966 0
15967 7
15968 4
15969 4
15970 5
15971 8
15972 6
15973 1
15974 3
15975 3
15976 5
15977 5
15978 5
15979 2
15980 6
15981 2
15982 8
15983 5
15984 2
15985 7
15986 2
15987 1
15988 0
15989 0
15990 4
15991 9
15992 2
15993 8
15994 0
15995 0
15996 8
15997 6
15998 7
15999 6
16000 5
16001 5
16002 0
16003 6
16004 3
16005 7
16006 7
16007 4
16008 7
16009 7
16010 2
16011 0
16012 2
16013 6
16014 9
16015 0
16016 8
16017 4
16018 0
16019 2
16020 8
16021 3
16022 4
16023 4
16024 9
16025 4
16026 9
16027 0
16028 1
16029 0
16030 1
16031 2
16032 2
16033 6
16034 9
16035 5
16036 0
16037 8
16038 3
16039 7
16040 0
16041 1
16042 7
16043 5
16044 6
16045 7
16046 3
16047 9
16048 2
16049 1
16050 1
16051 0
16052 1
16053 6
16054 7
16055 9
16056 3
16057 6
16058 1
16059 9
16060 4
16061 8
16062 2
16063 2
16064 2
16065 7
16066 3
16067 0
16068 6
16069 7
16070 2
16071 0
16072 2
16073 7
16074 4
16075 3
16076 0
16077 6
16078 4
16079 2
16080 1
16081 7
16082 8
16083 0
16084 3
16085 3
16086 8
16087 2
16088 3
16089 8
16090 5
16091 6
16092 1
16093 8
16094 2
16095 6
16096 4
16097 0
16098 7
16099 4
16100 2
16101 4
16102 1
16103 6
16104 6
16105 9
16106 2
16107 8
16108 7
16109 3
16110 8
16111 2
16112 7
16113 9
16114 2
16115 6
16116 7
16117 3
16118 3
16119 2
16120 1
16121 8
16122 2
16123 4
16124 2
16125 5
16126 1
16127 2
16128 2
16129 5
16130 2
16131 7
16132 9
16133 3
16134 4
16135 9
16136 1
16137 9
16138 7
16139 6
16140 5
16141 7
16142 5
16143 4
16144 7
16145 1
16146 1
16147 5
16148 3
16149 1
16150 5
16151 5
16152 1
16153 0
16154 3
16155 1
16156 6
16157 3
16158 4
16159 0
16160 0
16161 8
16162 0
16163 5
16164 3
16165 0
16166 5
16167 8
16168 0
16169 4
16170 6
16171 7
16172 4
16173 6
16174 5
16175 3
16176 7
16177 0
16178 6
16179 0
16180 1
16181 5
16182 3
16183 1
16184 1
16185 6
16186 3
16187 0
16188 4
16189 4
16190 5
16191 7
16192 9
16193 6
16194 8
16195 9
16196 9
16197 4
16198 2
16199 2
16200 0
16201 2
16202 3
16203 3
16204 7
16205 4
16206 7
16207 3
16208 0
16209 3
16210 9
16211 9
16212 7
16213 4
16214 7
16215 1
16216 9
16217 2
16218 2
16219 7
16220 9
16221 4
16222 0
16223 0
16224 3
16225 4
16226 8
16227 5
16228 2
16229 9
16230 4
16231 4
16232 3
16233 9
16234 7
16235 9
16236 8
16237 8
16238 3
16239 6
16240 0
16241 6
16242 2
16243 1
16244 9
16245 6
16246 7
16247 5
16248 6
16249 0
16250 1
16251 1
16252 3
16253 7
16254 6
16255 9
16256 5
16257 5
16258 3
16259 4
16260 4
16261 9
16262 0
16263 0
16264 2
16265 9
16266 0
16267 0
16268 2
16269 4
16270 0
16271 2
16272 4
16273 7
16274 6
16275 6
16276 2
16277 8
16278 9
16279 9
16280 7
16281 3
16282 1
16283 3
16284 8
16285 9
16286 2
16287 6
16288 4
16289 9
16290 4
16291 0
16292 1
16293 8
16294 2
16295 0
16296 9
16297 7
16298 7
16299 5
16300 6
16301 5
16302 9
16303 9
16304 8
16305 3
16306 7
16307 5
16308 6
16309 4
16310 8
16311 0
16312 8
16313 6
16314 8
16315 1
16316 7
16317 1
16318 7
16319 7
16320 1
16321 9
16322 3
16323 8
16324 4
16325 9
16326 5
16327 9
16328 5
16329 6
16330 2
16331 6
16332 7
16333 8
16334 7
16335 4
16336 8
16337 4
16338 2
16339 6
16340 4
16341 9
16342 9
16343 2
16344 7
16345 0
16346 8
16347 5
16348 8
16349 9
16350 8
16351 0
16352 5
16353 6
16354 0
16355 2
16356 3
16357 8
16358 3
16359 9
16360 5
16361 7
16362 6
16363 6
16364 7
16365 6
16366 3
16367 5
16368 5
16369 2
16370 8
16371 2
16372 2
16373 5
16374 9
16375 6
16376 0
16377 3
16378 7
16379 3
16380 0
16381 6
16382 1
16383 7
16384 2
16385 7
16386 8
16387 1
16388 4
16389 8
16390 8
16391 1
16392 8
16393 9
16394 7
16395 1
16396 8
16397 8
16398 8
16399 5
16400 2
16401 5
16402 8
16403 7
16404 9
16405 4
16406 6
16407 0
16408 8
16409 0
16410 2
16411 1
16412 6
16413 2
16414 2
16415 1
16416 2
16417 3
16418 0
16419 2
16420 9
16421 0
16422 0
16423 3
16424 3
16425 3
16426 0
16427 6
16428 6
16429 0
16430 8
16431 1
16432 8
16433 0
16434 9
16435 6
16436 0
16437 9
16438 2
16439 6
16440 1
16441 4
16442 7
16443 3
16444 6
16445 1
16446 5
16447 6
16448 0
16449 9
16450 5
16451 9
16452 3
16453 8
16454 1
16455 2
16456 4
16457 9
16458 5
16459 7
16460 9
16461 2
16462 0
16463 9
16464 9
16465 9
16466 4
16467 4
16468 3
16469 3
16470 2
16471 4
16472 1
16473 5
16474 7
16475 1
16476 5
16477 7
16478 4
16479 8
16480 4
16481 3
16482 5
16483 1
16484 0
16485 4
16486 3
16487 0
16488 9
16489 6
16490 1
16491 9
16492 4
16493 4
16494 3
16495 5
16496 5
16497 3
16498 1
16499 0
16500 4
16501 2
16502 5
16503 4
16504 1
16505 6
16506 4
16507 9
16508 1
16509 6
16510 1
16511 5
16512 0
16513 2
16514 8
16515 9
16516 1
16517 6
16518 3
16519 2
16520 8
16521 4
16522 9
16523 6
16524 2
16525 3
16526 5
16527 6
16528 2
16529 1
16530 6
16531 9
16532 2
16533 8
16534 1
16535 4
16536 3
16537 5
16538 0
16539 6
16540 2
16541 8
16542 4
16543 5
16544 2
16545 1
16546 1
16547 7
16548 8
16549 4
16550 9
16551 8
16552 8
16553 2
16554 4
16555 4
16556 4
16557 7
16558 3
16559 8
16560 6
16561 7
16562 2
16563 2
16564 8
16565 4
16566 1
16567 5
16568 9
16569 0
16570 3
16571 7
16572 9
16573 7
16574 6
16575 1
16576 9
16577 1
16578 5
16579 9
16580 4
16581 5
16582 3
16583 1
16584 6
16585 2
16586 2
16587 0
16588 9
16589 9
16590 8
16591 7
16592 9
16593 5
16594 6
16595 8
16596 2
16597 3
16598 7
16599 1
16600 8
16601 0
16602 3
16603 4
16604 4
16605 5
16606 6
16607 7
16608 4
16609 0
16610 3
16611 0
16612 2
16613 0
16614 5
16615 1
16616 9
16617 5
16618 4
16619 4
16620 7
16621 5
16622 1
16623 7
16624 7
16625 0
16626 7
16627 3
16628 4
16629 1
16630 1
16631 0
16632 7
16633 0
16634 1
16635 6
16636 2
16637 0
16638 9
16639 6
16640 0
16641 2
16642 4
16643 3
16644 1
16645 8
16646 8
16647 0
16648 2
16649 7
16650 3
16651 4
16652 4
16653 2
16654 5
16655 0
16656 1
16657 1
16658 1
16659 0
16660 9
16661 3
16662 1
16663 2
16664 0
16665 2
16666 6
16667 8
16668 6
16669 2
16670 6
16671 0
16672 4
16673 9
16674 1
16675 7
16676 8
16677 2
16678 6
16679 1
16680 9
16681 7
16682 6
16683 4
16684 1
16685 4
16686 2
16687 6
16688 9
16689 9
16690 1
16691 2
16692 3
16693 5
16694 8
16695 1
16696 1
16697 2
16698 1
16699 5
16700 4
16701 7
16702 1
16703 6
16704 5
16705 6
16706 4
16707 6
16708 3
16709 2
16710 8
16711 7
16712 5
16713 1
16714 2
16715 4
16716 8
16717 4
16718 6
16719 0
16720 3
16721 2
16722 8
16723 3
16724 4
16725 8
16726 2
16727 3
16728 1
16729 8
16730 3
16731 1
16732 1
16733 8
16734 3
16735 3
16736 8
16737 8
16738 1
16739 6
16740 5
16741 5
16742 7
16743 4
16744 9
16745 5
16746 2
16747 1
16748 3
16749 9
16750 9
16751 8
16752 5
16753 5
16754 8
16755 3
16756 1
16757 7
16758 2
16759 5
16760 0
16761 9
16762 5
16763 9
16764 5
16765 1
16766 5
16767 7
16768 1
16769 1
16770 4
16771 2
16772 7
16773 0
16774 9
16775 7
16776 2
16777 0
16778 1
16779 4
16780 7
16781 1
16782 8
16783 9
16784 2
16785 5
16786 3
16787 5
16788 7
16789 8
16790 4
16791 2
16792 1
16793 7
16794 2
16795 4
16796 9
16797 7
16798 8
16799 6
16800 8
16801 0
16802 8
16803 4
16804 0
16805 3
16806 0
16807 4
16808 7
16809 8
16810 5
16811 3
16812 2
16813 5
16814 0
16815 0
16816 8
16817 8
16818 9
16819 4
16820 7
16821 7
16822 8
16823 2
16824 5
16825 8
16826 6
16827 4
16828 3
16829 7
16830 1
16831 7
16832 5
16833 5
16834 4
16835 0
16836 9
16837 2
16838 7
16839 2
16840 8
16841 2
16842 7
16843 9
16844 0
16845 7
16846 7
16847 8
16848 6
16849 2
16850 9
16851 1
16852 4
16853 6
16854 1
16855 0
16856 2
16857 2
16858 2
16859 5
16860 5
16861 6
16862 9
16863 2
16864 9
16865 1
16866 9
16867 1
16868 1
16869 8
16870 7
16871 4
16872 1
16873 0
16874 9
16875 3
16876 4
16877 4
16878 5
16879 7
16880 1
16881 1
16882 6
16883 4
16884 0
16885 6
16886 0
16887 4
16888 7
16889 6
16890 4
16891 2
16892 4
16893 4
16894 7
16895 8
16896 3
16897 3
16898 7
16899 2
16900 9
16901 7
16902 9
16903 1
16904 9
16905 1
16906 6
16907 0
16908 9
16909 0
16910 9
16911 9
16912 6
16913 7
16914 1
16915 3
16916 4
16917 8
16918 6
16919 5
16920 0
16921 3
16922 6
16923 9
16924 8
16925 9
16926 1
16927 9
16928 0
16929 7
16930 1
16931 6
16932 4
16933 8
16934 7
16935 7
16936 1
16937 4
16938 1
16939 6
16940 9
16941 3
16942 9
16943 4
16944 8
16945 9
16946 7
16947 9
16948 7
16949 1
16950 5
16951 0
16952 7
16953 1
16954 3
16955 4
16956 7
16957 9
16958 8
16959 9
16960 7
16961 6
16962 4
16963 2
16964 2
16965 6
16966 7
16967 4
16968 2
16969 4
16970 7
16971 2
16972 4
16973 8
16974 8
16975 0
16976 0
16977 1
16978 6
16979 0
16980 1
16981 4
16982 5
16983 7
16984 8
16985 4
16986 3
16987 7
16988 2
16989 4
16990 1
16991 2
16992 2
16993 5
16994 8
16995 8
16996 1
16997 6
16998 8
16999 7
17000 2
17001 5
17002 6
17003 6
17004 2
17005 8
17006 6
17007 7
17008 2
17009 0
17010 7
17011 5
17012 5
17013 6
17014 0
17015 5
17016 6
17017 0
17018 8
17019 0
17020 8
17021 4
17022 5
17023 8
17024 0
17025 9
17026 1
17027 2
17028 4
17029 4
17030 7
17031 5
17032 5
17033 7
17034 5
17035 3
17036 9
17037 9
17038 5
17039 3
17040 9
17041 2
17042 0
17043 2
17044 4
17045 4
17046 6
17047 0
17048 3
17049 8
17050 3
17051 5
17052 8
17053 0
17054 4
17055 8
17056 0
17057 3
17058 3
17059 0
17060 1
17061 6
17062 6
17063 3
17064 5
17065 8
17066 8
17067 5
17068 8
17069 6
17070 4
17071 0
17072 7
17073 6
17074 2
17075 3
17076 6
17077 1
17078 0
17079 0
17080 2
17081 3
17082 4
17083 6
17084 9
17085 2
17086 4
17087 9
17088 3
17089 6
17090 7
17091 5
17092 4
17093 6
17094 5
17095 2
17096 2
17097 9
17098 6
17099 3
17100 4
17101 8
17102 5
17103 2
17104 5
17105 3
17106 7
17107 7
17108 8
17109 2
17110 1
17111 7
17112 5
17113 3
17114 6
17115 9
17116 4
17117 3
17118 1
17119 5
17120 3
17121 4
17122 4
17123 4
17124 0
17125 2
17126 7
17127 6
17128 4
17129 4
17130 7
17131 9
17132 8
17133 9
17134 2
17135 9
17136 9
17137 9
17138 6
17139 5
17140 7
17141 8
17142 0
17143 9
17144 2
17145 8
17146 8
17147 0
17148 7
17149 1
17150 2
17151 3
17152 5
17153 3
17154 6
17155 2
17156 0
17157 5
17158 9
17159 0
17160 7
17161 2
17162 6
17163 4
17164 2
17165 3
17166 2
17167 9
17168 4
17169 5
17170 9
17171 9
17172 7
17173 6
17174 5
17175 9
17176 2
17177 3
17178 4
17179 1
17180 0
17181 7
17182 2
17183 1
17184 6
17185 0
17186 7
17187 0
17188 0
17189 7
17190 3
17191 0
17192 7
17193 6
17194 3
17195 0
17196 5
17197 2
17198 8
17199 5
17200 4
17201 1
17202 8
17203 3
17204 7
17205 6
17206 9
17207 9
17208 1
17209 2
17210 2
17211 0
17212 3
17213 8
17214 6
17215 7
17216 4
17217 6
17218 5
17219 6
17220 1
17221 8
17222 3
17223 6
17224 0
17225 1
17226 5
17227 7
17228 0
17229 4
17230 6
17231 7
17232 1
17233 7
17234 1
17235 9
17236 2
17237 1
17238 0
17239 5
17240 4
17241 5
17242 0
17243 4
17244 2
17245 4
17246 4
17247 1
17248 7
17249 7
17250 3
17251 8
17252 6
17253 2
17254 4
17255 2
17256 6
17257 5
17258 9
17259 7
17260 2
17261 7
17262 7
17263 7
17264 7
17265 9
17266 2
17267 5
17268 0
17269 3
17270 5
17271 0
17272 0
17273 1
17274 2
17275 2
17276 3
17277 7
17278 7
17279 9
17280 0
17281 6
17282 5
17283 6
17284 7
17285 0
17286 2
17287 2
17288 7
17289 5
17290 4
17291 8
17292 7
17293 8
17294 8
17295 5
17296 5
17297 1
17298 4
17299 5
17300 8
17301 6
17302 4
17303 5
17304 7
17305 5
17306 0
17307 0
17308 6
17309 5
17310 5
17311 7
17312 9
17313 6
17314 6
17315 2
17316 7
17317 7
17318 1
17319 0
17320 0
17321 5
17322 1
17323 6
17324 3
17325 6
17326 9
17327 4
17328 2
17329 2
17330 2
17331 4
17332 0
17333 7
17334 3
17335 4
17336 1
17337 1
17338 6
17339 8
17340 9
17341 8
17342 7
17343 5
17344 1
17345 0
17346 6
17347 2
17348 3
17349 0
17350 9
17351 9
17352 2
17353 8
17354 2
17355 4
17356 7
17357 7
17358 5
17359 7
17360 9
17361 1
17362 3
17363 3
17364 5
17365 8
17366 2
17367 8
17368 5
17369 9
17370 7
17371 6
17372 5
17373 1
17374 4
17375 4
17376 8
17377 3
17378 5
17379 1
17380 2
17381 6
17382 1
17383 9
17384 8
17385 1
17386 7
17387 7
17388 5
17389 0
17390 9
17391 7
17392 7
17393 0
17394 4
17395 5
17396 7
17397 5
17398 4
17399 9
17400 1
17401 5
17402 9
17403 5
17404 4
17405 7
17406 0
17407 9
17408 1
17409 1
17410 8
17411 9
17412 0
17413 5
17414 8
17415 7
17416 0
17417 0
17418 1
17419 5
17420 9
17421 3
17422 0
17423 3
17424 3
17425 6
17426 6
17427 5
17428 6
17429 2
17430 2
17431 8
17432 7
17433 8
17434 5
17435 9
17436 3
17437 9
17438 9
17439 8
17440 1
17441 8
17442 9
17443 3
17444 9
17445 7
17446 2
17447 5
17448 3
17449 2
17450 9
17451 8
17452 3
17453 0
17454 7
17455 8
17456 5
17457 7
17458 4
17459 5
17460 5
17461 7
17462 4
17463 3
17464 3
17465 2
17466 3
17467 8
17468 7
17469 6
17470 5
17471 7
17472 8
17473 6
17474 8
17475 8
17476 2
17477 7
17478 8
17479 1
17480 4
17481 8
17482 4
17483 3
17484 4
17485 4
17486 7
17487 1
17488 4
17489 2
17490 5
17491 6
17492 7
17493 0
17494 3
17495 1
17496 7
17497 1
17498 4
17499 0
17500 8
17501 0
17502 1
17503 9
17504 6
17505 4
17506 3
17507 5
17508 9
17509 1
17510 5
17511 2
17512 0
17513 6
17514 2
17515 7
17516 9
17517 7
17518 8
17519 4
17520 5
17521 8
17522 1
17523 8
17524 2
17525 1
17526 6
17527 6
17528 3
17529 8
17530 9
17531 0
17532 4
17533 9
17534 4
17535 3
17536 3
17537 9
17538 9
17539 7
17540 8
17541 8
17542 7
17543 3
17544 1
17545 9
17546 6
17547 2
17548 3
17549 3
17550 3
17551 4
17552 0
17553 5
17554 0
17555 8
17556 8
17557 0
17558 1
17559 9
17560 1
17561 5
17562 3
17563 7
17564 4
17565 7
17566 4
17567 0
17568 2
17569 8
17570 9
17571 9
17572 7
17573 3
17574 7
17575 7
17576 8
17577 6
17578 3
17579 7
17580 6
17581 2
17582 7
17583 7
17584 9
17585 7
17586 3
17587 9
17588 8
17589 1
17590 9
17591 4
17592 6
17593 8
17594 1
17595 8
17596 6
17597 5
17598 4
17599 7
17600 0
17601 7
17602 5
17603 2
17604 0
17605 8
17606 3
17607 3
17608 7
17609 7
17610 5
17611 1
17612 5
17613 4
17614 6
17615 0
17616 7
17617 1
17618 2
17619 2
17620 7
17621 6
17622 6
17623 2
17624 0
17625 9
17626 6
17627 1
17628 2
17629 0
17630 1
17631 2
17632 4
17633 8
17634 2
17635 8
17636 6
17637 8
17638 3
17639 8
17640 7
17641 7
17642 8
17643 3
17644 9
17645 3
17646 3
17647 9
17648 3
17649 6
17650 4
17651 4
17652 0
17653 4
17654 4
17655 2
17656 7
17657 8
17658 2
17659 0
17660 6
17661 8
17662 5
17663 0
17664 6
17665 2
17666 6
17667 1
17668 9
17669 1
17670 4
17671 3
17672 5
17673 6
17674 5
17675 4
17676 1
17677 4
17678 9
17679 8
17680 5
17681 0
17682 0
17683 0
17684 1
17685 0
17686 7
17687 3
17688 4
17689 9
17690 5
17691 2
17692 8
17693 9
17694 1
17695 1
17696 1
17697 4
17698 5
17699 2
17700 9
17701 7
17702 5
17703 6
17704 8
17705 5
17706 8
17707 9
17708 8
17709 0
17710 7
17711 5
17712 7
17713 5
17714 3
17715 2
17716 9
17717 5
17718 9
17719 5
17720 0
17721 7
17722 8
17723 5
17724 2
17725 6
17726 4
17727 2
17728 0
17729 6
17730 1
17731 9
17732 7
17733 8
17734 9
17735 8
17736 3
17737 1
17738 5
17739 3
17740 1
17741 8
17742 6
17743 5
17744 7
17745 0
17746 2
17747 5
17748 3
17749 5
17750 4
17751 3
17752 0
17753 9
17754 9
17755 9
17756 9
17757 2
17758 8
17759 7
17760 4
17761 2
17762 2
17763 6
17764 1
17765 8
17766 9
17767 5
17768 9
17769 5
17770 5
17771 0
17772 8
17773 6
17774 7
17775 5
17776 3
17777 6
17778 4
17779 0
17780 4
17781 0
17782 5
17783 9
17784 9
17785 0
17786 1
17787 1
17788 2
17789 8
17790 8
17791 0
17792 9
17793 7
17794 1
17795 4
17796 4
17797 2
17798 0
17799 8
17800 6
17801 5
17802 7
17803 3
17804 3
17805 2
17806 8
17807 3
17808 7
17809 4
17810 8
17811 5
17812 7
17813 9
17814 7
17815 0
17816 7
17817 8
17818 0
17819 7
17820 1
17821 7
17822 2
17823 8
17824 3
17825 9
17826 8
17827 5
17828 6
17829 6
17830 3
17831 0
17832 7
17833 0
17834 7
17835 5
17836 8
17837 9
17838 6
17839 4
17840 2
17841 2
17842 5
17843 9
17844 8
17845 4
17846 0
17847 8
17848 6
17849 8
17850 5
17851 9
17852 1
17853 4
17854 3
17855 1
17856 6
17857 3
17858 1
17859 6
17860 8
17861 3
17862 0
17863 3
17864 9
17865 8
17866 8
17867 9
17868 1
17869 7
17870 6
17871 7
17872 2
17873 2
17874 0
17875 2
17876 1
17877 3
17878 1
17879 5
17880 1
17881 0
17882 8
17883 1
17884 5
17885 4
17886 1
17887 1
17888 4
17889 5
17890 6
17891 8
17892 4
17893 3
17894 5
17895 8
17896 2
17897 2
17898 4
17899 4
17900 1
17901 8
17902 5
17903 6
17904 4
17905 0
17906 4
17907 9
17908 4
17909 8
17910 9
17911 3
17912 5
17913 2
17914 4
17915 5
17916 7
17917 3
17918 5
17919 1
17920 7
17921 0
17922 7
17923 0
17924 7
17925 7
17926 9
17927 5
17928 7
17929 4
17930 3
17931 4
17932 7
17933 1
17934 4
17935 6
17936 7
17937 7
17938 3
17939 9
17940 1
17941 2
17942 4
17943 7
17944 1
17945 5
17946 8
17947 4
17948 4
17949 5
17950 7
17951 6
17952 5
17953 0
17954 3
17955 0
17956 6
17957 6
17958 7
17959 5
17960 2
17961 1
17962 4
17963 8
17964 4
17965 8
17966 3
17967 4
17968 8
17969 6
17970 7
17971 0
17972 8
17973 8
17974 1
17975 9
17976 4
17977 2
17978 4
17979 8
17980 3
17981 7
17982 6
17983 2
17984 9
17985 1
17986 8
17987 4
17988 9
17989 3
17990 1
17991 3
17992 4
17993 1
17994 9
17995 3
17996 4
17997 9
17998 2
17999 7
18000 0
18001 5
18002 9
18003 5
18004 7
18005 1
18006 4
18007 0
18008 6
18009 9
18010 4
18011 0
18012 4
18013 4
18014 3
18015 8
18016 4
18017 8
18018 6
18019 6
18020 5
18021 6
18022 0
18023 0
18024 4
18025 2
18026 9
18027 0
18028 0
18029 1
18030 0
18031 8
18032 7
18033 0
18034 4
18035 9
18036 6
18037 4
18038 2
18039 2
18040 4
18041 7
18042 5
18043 2
18044 2
18045 3
18046 9
18047 6
18048 6
18049 3
18050 7
18051 0
18052 3
18053 7
18054 8
18055 2
18056 0
18057 7
18058 9
18059 1
18060 0
18061 3
18062 2
18063 3
18064 8
18065 1
18066 3
18067 5
18068 8
18069 0
18070 9
18071 1
18072 6
18073 7
18074 3
18075 8
18076 3
18077 9
18078 4
18079 0
18080 3
18081 0
18082 2
18083 2
18084 5
18085 5
18086 4
18087 9
18088 0
18089 2
18090 7
18091 0
18092 1
18093 3
18094 6
18095 0
18096 3
18097 6
18098 6
18099 7
18100 9
18101 2
18102 5
18103 3
18104 7
18105 4
18106 1
18107 0
18108 0
18109 9
18110 3
18111 0
18112 3
18113 5
18114 1
18115 0
18116 3
18117 0
18118 2
18119 9
18120 4
18121 2
18122 1
18123 5
18124 3
18125 5
18126 0
18127 0
18128 7
18129 8
18130 4
18131 2
18132 3
18133 1
18134 2
18135 2
18136 1
18137 9
18138 3
18139 6
18140 9
18141 2
18142 1
18143 1
18144 3
18145 1
18146 0
18147 0
18148 7
18149 3
18150 5
18151 5
18152 0
18153 0
18154 5
18155 1
18156 7
18157 7
18158 8
18159 2
18160 1
18161 2
18162 5
18163 5
18164 9
18165 0
18166 1
18167 8
18168 0
18169 0
18170 9
18171 0
18172 1
18173 8
18174 9
18175 7
18176 5
18177 8
18178 9
18179 4
18180 8
18181 9
18182 5
18183 6
18184 8
18185 2
18186 9
18187 2
18188 6
18189 0
18190 5
18191 0
18192 0
18193 7
18194 1
18195 0
18196 9
18197 1
18198 4
18199 3
18200 5
18201 2
18202 8
18203 4
18204 6
18205 1
18206 1
18207 7
18208 0
18209 1
18210 6
18211 4
18212 1
18213 3
18214 3
18215 4
18216 8
18217 1
18218 8
18219 2
18220 5
18221 3
18222 1
18223 5
18224 0
18225 5
18226 7
18227 6
18228 8
18229 0
18230 4
18231 1
18232 4
18233 7
18234 8
18235 9
18236 1
18237 4
18238 1
18239 5
18240 6
18241 8
18242 7
18243 8
18244 4
18245 8
18246 1
18247 6
18248 0
18249 7
18250 4
18251 1
18252 1
18253 0
18254 4
18255 1
18256 6
18257 3
18258 8
18259 1
18260 7
18261 2
18262 9
18263 5
18264 2
18265 1
18266 7
18267 2
18268 4
18269 8
18270 6
18271 5
18272 1
18273 6
18274 5
18275 6
18276 2
18277 3
18278 2
18279 7
18280 4
18281 3
18282 3
18283 5
18284 9
18285 3
18286 3
18287 6
18288 4
18289 6
18290 4
18291 5
18292 2
18293 8
18294 1
18295 2
18296 6
18297 9
18298 0
18299 4
18300 8
18301 3
18302 8
18303 5
18304 0
18305 8
18306 0
18307 4
18308 1
18309 6
18310 7
18311 4
18312 4
18313 1
18314 4
18315 8
18316 8
18317 1
18318 6
18319 5
18320 9
18321 6
18322 8
18323 9
18324 2
18325 9
18326 2
18327 9
18328 8
18329 7
18330 5
18331 0
18332 0
18333 1
18334 1
18335 7
18336 6
18337 5
18338 2
18339 5
18340 0
18341 6
18342 2
18343 0
18344 3
18345 9
18346 1
18347 9
18348 9
18349 2
18350 5
18351 3
18352 2
18353 0
18354 2
18355 4
18356 4
18357 2
18358 4
18359 9
18360 9
18361 8
18362 5
18363 6
18364 3
18365 7
18366 0
18367 1
18368 3
18369 1
18370 5
18371 2
18372 1
18373 0
18374 4
18375 3
18376 2
18377 0
18378 5
18379 7
18380 6
18381 3
18382 8
18383 5
18384 9
18385 7
18386 5
18387 1
18388 5
18389 9
18390 6
18391 9
18392 9
18393 7
18394 7
18395 7
18396 5
18397 8
18398 7
18399 8
18400 9
18401 0
18402 1
18403 9
18404 3
18405 1
18406 9
18407 2
18408 6
18409 5
18410 3
18411 9
18412 5
18413 5
18414 0
18415 7
18416 5
18417 9
18418 6
18419 2
18420 0
18421 3
18422 4
18423 3
18424 8
18425 9
18426 9
18427 9
18428 8
18429 2
18430 5
18431 0
18432 2
18433 7
18434 9
18435 9
18436 2
18437 3
18438 7
18439 6
18440 6
18441 9
18442 7
18443 7
18444 2
18445 9
18446 0
18447 2
18448 1
18449 0
18450 5
18451 5
18452 2
18453 1
18454 2
18455 5
18456 4
18457 5
18458 3
18459 9
18460 3
18461 4
18462 0
18463 2
18464 8
18465 6
18466 4
18467 7
18468 4
18469 8
18470 3
18471 8
18472 4
18473 1
18474 7
18475 9
18476 1
18477 3
18478 2
18479 3
18480 8
18481 0
18482 6
18483 6
18484 0
18485 5
18486 9
18487 1
18488 4
18489 1
18490 0
18491 9
18492 3
18493 4
18494 5
18495 9
18496 9
18497 3
18498 4
18499 8
18500 7
18501 6
18502 3
18503 2
18504 5
18505 8
18506 4
18507 8
18508 5
18509 1
18510 9
18511 9
18512 2
18513 9
18514 2
18515 2
18516 8
18517 4
18518 9
18519 7
18520 1
18521 9
18522 3
18523 9
18524 9
18525 5
18526 6
18527 9
18528 3
18529 5
18530 0
18531 7
18532 1
18533 7
18534 7
18535 9
18536 6
18537 7
18538 0
18539 7
18540 2
18541 9
18542 6
18543 0
18544 2
18545 0
18546 3
18547 8
18548 4
18549 8
18550 7
18551 2
18552 2
18553 9
18554 2
18555 3
18556 7
18557 4
18558 7
18559 1
18560 5
18561 0
18562 1
18563 4
18564 0
18565 7
18566 6
18567 5
18568 7
18569 8
18570 6
18571 1
18572 7
18573 6
18574 7
18575 7
18576 1
18577 1
18578 7
18579 4
18580 4
18581 0
18582 8
18583 9
18584 9
18585 3
18586 4
18587 0
18588 0
18589 1
18590 3
18591 6
18592 9
18593 2
18594 7
18595 2
18596 4
18597 4
18598 1
18599 9
18600 1
18601 8
18602 2
18603 9
18604 6
18605 8
18606 5
18607 6
18608 2
18609 8
18610 2
18611 4
18612 5
18613 2
18614 5
18615 1
18616 7
18617 4
18618 8
18619 6
18620 5
18621 7
18622 9
18623 0
18624 2
18625 0
18626 2
18627 5
18628 7
18629 7
18630 0
18631 7
18632 1
18633 6
18634 5
18635 8
18636 3
18637 0
18638 2
18639 9
18640 8
18641 5
18642 3
18643 9
18644 3
18645 5
18646 0
18647 6
18648 6
18649 0
18650 9
18651 5
18652 5
18653 4
18654 0
18655 5
18656 7
18657 1
18658 6
18659 6
18660 3
18661 2
18662 4
18663 1
18664 1
18665 2
18666 6
18667 5
18668 5
18669 1
18670 7
18671 2
18672 4
18673 2
18674 4
18675 9
18676 9
18677 9
18678 0
18679 0
18680 4
18681 8
18682 2
18683 0
18684 5
18685 1
18686 7
18687 8
18688 9
18689 3
18690 8
18691 6
18692 8
18693 3
18694 5
18695 4
18696 7
18697 9
18698 3
18699 6
18700 9
18701 6
18702 6
18703 3
18704 2
18705 0
18706 6
18707 6
18708 9
18709 4
18710 2
18711 2
18712 9
18713 5
18714 8
18715 1
18716 6
18717 1
18718 0
18719 5
18720 0
18721 6
18722 0
18723 4
18724 0
18725 3
18726 0
18727 3
18728 5
18729 9
18730 0
18731 4
18732 0
18733 5
18734 8
18735 5
18736 6
18737 6
18738 2
18739 0
18740 6
18741 9
18742 5
18743 7
18744 7
18745 6
18746 0
18747 5
18748 9
18749 4
18750 5
18751 0
18752 9
18753 5
18754 2
18755 1
18756 9
18757 1
18758 2
18759 9
18760 1
18761 9
18762 1
18763 0
18764 3
18765 0
18766 2
18767 6
18768 5
18769 0
18770 4
18771 3
18772 5
18773 5
18774 7
18775 2
18776 1
18777 2
18778 8
18779 7
18780 8
18781 0
18782 9
18783 0
18784 9
18785 2
18786 7
18787 3
18788 7
18789 7
18790 8
18791 2
18792 5
18793 4
18794 4
18795 7
18796 7
18797 7
18798 4
18799 9
18800 3
18801 6
18802 3
18803 4
18804 3
18805 8
18806 3
18807 3
18808 3
18809 3
18810 6
18811 8
18812 6
18813 9
18814 5
18815 0
18816 0
18817 5
18818 6
18819 7
18820 5
18821 2
18822 3
18823 7
18824 9
18825 5
18826 1
18827 7
18828 5
18829 8
18830 3
18831 8
18832 1
18833 1
18834 6
18835 3
18836 6
18837 5
18838 2
18839 5
18840 7
18841 8
18842 9
18843 6
18844 8
18845 9
18846 3
18847 6
18848 9
18849 2
18850 4
18851 2
18852 0
18853 3
18854 4
18855 8
18856 3
18857 1
18858 4
18859 8
18860 1
18861 9
18862 8
18863 9
18864 9
18865 3
18866 1
18867 8
18868 1
18869 5
18870 7
18871 6
18872 7
18873 5
18874 9
18875 4
18876 6
18877 3
18878 5
18879 5
18880 9
18881 8
18882 7
18883 2
18884 6
18885 8
18886 3
18887 7
18888 0
18889 1
18890 5
18891 2
18892 9
18893 7
18894 2
18895 9
18896 3
18897 4
18898 5
18899 3
18900 9
18901 7
18902 6
18903 3
18904 3
18905 8
18906 7
18907 9
18908 5
18909 3
18910 3
18911 9
18912 6
18913 7
18914 2
18915 4
18916 8
18917 4
18918 3
18919 6
18920 4
18921 9
18922 6
18923 9
18924 9
18925 0
18926 8
18927 9
18928 9
18929 5
18930 5
18931 4
18932 0
18933 0
18934 2
18935 9
18936 5
18937 2
18938 9
18939 9
18940 1
18941 5
18942 5
18943 6
18944 3
18945 9
18946 9
18947 9
18948 1
18949 9
18950 8
18951 0
18952 1
18953 1
18954 2
18955 1
18956 2
18957 0
18958 1
18959 2
18960 2
18961 5
18962 4
18963 9
18964 5
18965 9
18966 1
18967 8
18968 6
18969 4
18970 5
18971 0
18972 9
18973 8
18974 6
18975 8
18976 9
18977 9
18978 0
18979 8
18980 6
18981 4
18982 5
18983 3
18984 5
18985 1
18986 5
18987 6
18988 4
18989 7
18990 5
18991 7
18992 3
18993 8
18994 6
18995 7
18996 9
18997 1
18998 2
18999 5
19000 2
19001 0
19002 9
19003 0
19004 8
19005 2
19006 3
19007 3
19008 1
19009 5
19010 6
19011 3
19012 8
19013 5
19014 7
19015 1
19016 1
19017 3
19018 2
19019 5
19020 9
19021 2
19022 0
19023 5
19024 8
19025 1
19026 3
19027 3
19028 4
19029 6
19030 2
19031 9
19032 6
19033 9
19034 4
19035 7
19036 0
19037 8
19038 3
19039 7
19040 8
19041 1
19042 0
19043 7
19044 8
19045 0
19046 3
19047 4
19048 2
19049 1
19050 3
19051 6
19052 2
19053 8
19054 4
19055 9
19056 8
19057 9
19058 7
19059 6
19060 7
19061 8
19062 0
19063 2
19064 0
19065 8
19066 9
19067 7
19068 1
19069 1
19070 1
19071 2
19072 2
19073 8
19074 2
19075 6
19076 7
19077 8
19078 2
19079 6
19080 9
19081 8
19082 7
19083 9
19084 2
19085 1
19086 0
19087 1
19088 9
19089 4
19090 8
19091 9
19092 8
19093 9
19094 8
19095 7
19096 1
19097 5
19098 6
19099 6
19100 9
19101 8
19102 0
19103 0
19104 8
19105 1
19106 0
19107 6
19108 6
19109 4
19110 4
19111 1
19112 0
19113 3
19114 5
19115 2
19116 7
19117 2
19118 5
19119 8
19120 1
19121 2
19122 3
19123 4
19124 0
19125 8
19126 0
19127 5
19128 6
19129 4
19130 7
19131 2
19132 3
19133 0
19134 9
19135 4
19136 4
19137 3
19138 3
19139 9
19140 6
19141 9
19142 0
19143 3
19144 6
19145 2
19146 5
19147 0
19148 4
19149 3
19150 2
19151 9
19152 7
19153 7
19154 4
19155 6
19156 4
19157 2
19158 0
19159 1
19160 2
19161 6
19162 3
19163 1
19164 3
19165 5
19166 6
19167 1
19168 3
19169 4
19170 1
19171 5
19172 9
19173 6
19174 5
19175 0
19176 2
19177 3
19178 4
19179 4
19180 9
19181 9
19182 1
19183 5
19184 0
19185 4
19186 7
19187 7
19188 4
19189 7
19190 6
19191 5
19192 7
19193 0
19194 5
19195 3
19196 6
19197 6
19198 1
19199 2
19200 5
19201 2
19202 7
19203 1
19204 9
19205 4
19206 2
19207 1
19208 2
19209 4
19210 5
19211 6
19212 3
19213 8
19214 8
19215 8
19216 8
19217 6
19218 1
19219 2
19220 2
19221 2
19222 3
19223 5
19224 5
19225 6
19226 8
19227 1
19228 7
19229 7
19230 3
19231 7
19232 5
19233 5
19234 4
19235 2
19236 0
19237 2
19238 8
19239 1
19240 3
19241 9
19242 3
19243 7
19244 1
19245 6
19246 4
19247 0
19248 1
19249 2
19250 4
19251 5
19252 0
19253 9
19254 3
19255 4
19256 1
19257 7
19258 1
19259 3
19260 4
19261 8
19262 6
19263 4
19264 8
19265 9
19266 2
19267 4
19268 1
19269 3
19270 4
19271 2
19272 4
19273 0
19274 2
19275 5
19276 3
19277 0
19278 8
19279 3
19280 0
19281 5
19282 2
19283 2
19284 8
19285 3
19286 7
19287 0
19288 3
19289 4
19290 2
19291 1
19292 0
19293 8
19294 9
19295 5
19296 7
19297 8
19298 6
19299 5
19300 8
19301 7
19302 4
19303 4
19304 2
19305 3
19306 4
19307 9
19308 5
19309 2
19310 1
19311 2
19312 4
19313 2
19314 1
19315 7
19316 8
19317 2
19318 5
19319 9
19320 5
19321 1
19322 4
19323 4
19324 7
19325 4
19326 9
19327 2
19328 9
19329 9
19330 8
19331 4
19332 1
19333 4
19334 8
19335 6
19336 6
19337 3
19338 2
19339 2
19340 5
19341 9
19342 8
19343 0
19344 3
19345 6
19346 3
19347 1
19348 8
19349 3
19350 0
19351 1
19352 9
19353 9
19354 2
19355 2
19356 3
19357 2
19358 2
19359 8
19360 4
19361 6
19362 0
19363 6
19364 5
19365 7
19366 6
19367 0
19368 3
19369 3
19370 5
19371 0
19372 2
19373 6
19374 8
19375 7
19376 0
19377 4
19378 0
19379 5
19380 1
19381 4
19382 5
19383 3
19384 8
19385 8
19386 9
19387 3
19388 3
19389 1
19390 8
19391 5
19392 1
19393 4
19394 9
19395 1
19396 8
19397 2
19398 1
19399 5
19400 9
19401 1
19402 0
19403 4
19404 9
19405 5
19406 3
19407 8
19408 3
19409 8
19410 0
19411 0
19412 9
19413 0
19414 3
19415 4
19416 4
19417 6
19418 4
19419 4
19420 3
19421 6
19422 6
19423 4
19424 6
19425 1
19426 8
19427 9
19428 0
19429 5
19430 5
19431 0
19432 0
19433 3
19434 0
19435 9
19436 8
19437 8
19438 5
19439 6
19440 3
19441 5
19442 1
19443 9
19444 1
19445 9
19446 5
19447 9
19448 0
19449 8
19450 3
19451 4
19452 0
19453 9
19454 9
19455 1
19456 0
19457 3
19458 3
19459 6
19460 3
19461 0
19462 8
19463 4
19464 0
19465 8
19466 5
19467 8
19468 9
19469 1
19470 7
19471 9
19472 7
19473 2
19474 0
19475 5
19476 8
19477 4
19478 5
19479 1
19480 5
19481 1
19482 2
19483 2
19484 8
19485 0
19486 6
19487 1
19488 5
19489 2
19490 3
19491 4
19492 3
19493 4
19494 8
19495 1
19496 7
19497 9
19498 1
19499 8
19500 6
19501 4
19502 3
19503 1
19504 6
19505 0
19506 4
19507 1
19508 2
19509 7
19510 1
19511 9
19512 9
19513 9
19514 5
19515 9
19516 1
19517 4
19518 2
19519 7
19520 4
19521 5
19522 4
19523 2
19524 3
19525 7
19526 5
19527 6
19528 3
19529 2
19530 7
19531 7
19532 7
19533 4
19534 8
19535 4
19536 2
19537 8
19538 8
19539 6
19540 1
19541 8
19542 8
19543 5
19544 6
19545 6
19546 4
19547 0
19548 0
19549 6
19550 1
19551 7
19552 3
19553 8
19554 0
19555 1
19556 4
19557 3
19558 8
19559 7
19560 3
19561 0
19562 6
19563 0
19564 7
19565 4
19566 3
19567 0
19568 0
19569 3
19570 2
19571 0
19572 7
19573 6
19574 1
19575 2
19576 9
19577 0
19578 8
19579 3
19580 7
19581 4
19582 6
19583 3
19584 7
19585 9
19586 4
19587 5
19588 2
19589 7
19590 5
19591 5
19592 6
19593 6
19594 0
19595 5
19596 0
19597 2
19598 8
19599 1
19600 6
19601 6
19602 6
19603 8
19604 4
19605 5
19606 8
19607 3
19608 0
19609 9
19610 4
19611 2
19612 4
19613 6
19614 3
19615 7
19616 8
19617 2
19618 5
19619 8
19620 1
19621 4
19622 9
19623 2
19624 3
19625 2
19626 0
19627 8
19628 8
19629 4
19630 1
19631 0
19632 5
19633 1
19634 2
19635 2
19636 2
19637 6
19638 5
19639 9
19640 1
19641 0
19642 6
19643 0
19644 9
19645 4
19646 5
19647 0
19648 7
19649 8
19650 2
19651 6
19652 3
19653 7
19654 7
19655 0
19656 8
19657 7
19658 4
19659 1
19660 9
19661 6
19662 2
19663 2
19664 6
19665 2
19666 3
19667 0
19668 1
19669 1
19670 5
19671 4
19672 5
19673 9
19674 6
19675 6
19676 7
19677 4
19678 1
19679 2
19680 7
19681 7
19682 5
19683 8
19684 5
19685 3
19686 8
19687 0
19688 8
19689 4
19690 2
19691 0
19692 2
19693 3
19694 7
19695 6
19696 6
19697 7
19698 3
19699 8
19700 9
19701 0
19702 5
19703 1
19704 6
19705 5
19706 3
19707 5
19708 9
19709 7
19710 0
19711 2
19712 8
19713 4
19714 2
19715 9
19716 5
19717 9
19718 5
19719 7
19720 8
19721 3
19722 3
19723 2
19724 1
19725 0
19726 6
19727 3
19728 7
19729 0
19730 0
19731 9
19732 2
19733 5
19734 9
19735 5
19736 1
19737 0
19738 1
19739 5
19740 9
19741 5
19742 0
19743 1
19744 2
19745 3
19746 4
19747 9
19748 5
19749 4
19750 3
19751 8
19752 9
19753 7
19754 9
19755 6
19756 0
19757 4
19758 1
19759 2
19760 0
19761 2
19762 3
19763 2
19764 5
19765 0
19766 9
19767 3
19768 0
19769 3
19770 6
19771 2
19772 7
19773 4
19774 9
19775 0
19776 8
19777 6
19778 3
19779 0
19780 1
19781 4
19782 8
19783 6
19784 5
19785 3
19786 9
19787 0
19788 7
19789 3
19790 8
19791 9
19792 5
19793 8
19794 2
19795 4
19796 1
19797 7
19798 9
19799 5
19800 2
19801 7
19802 3
19803 5
19804 2
19805 8
19806 4
19807 7
19808 4
19809 5
19810 3
19811 5
19812 7
19813 6
19814 2
19815 3
19816 1
19817 2
19818 0
19819 9
19820 1
19821 1
19822 5
19823 8
19824 4
19825 9
19826 5
19827 3
19828 7
19829 5
19830 0
19831 1
19832 1
19833 3
19834 4
19835 7
19836 3
19837 8
19838 8
19839 7
19840 4
19841 8
19842 5
19843 4
19844 2
19845 8
19846 8
19847 3
19848 3
19849 7
19850 6
19851 6
19852 8
19853 7
19854 3
19855 8
19856 7
19857 9
19858 8
19859 0
19860 9
19861 2
19862 2
19863 0
19864 3
19865 9
19866 2
19867 3
19868 5
19869 8
19870 8
19871 9
19872 0
19873 9
19874 1
19875 7
19876 6
19877 0
19878 0
19879 3
19880 3
19881 4
19882 3
19883 6
19884 0
19885 5
19886 1
19887 7
19888 3
19889 4
19890 1
19891 5
19892 5
19893 7
19894 9
19895 5
19896 0
19897 1
19898 4
19899 6
19900 9
19901 1
19902 7
19903 6
19904 3
19905 4
19906 3
19907 2
19908 4
19909 9
19910 1
19911 8
19912 3
19913 0
19914 0
19915 8
19916 7
19917 8
19918 3
19919 3
19920 7
19921 4
19922 1
19923 0
19924 6
19925 8
19926 8
19927 2
19928 8
19929 9
19930 3
19931 4
19932 8
19933 3
19934 9
19935 3
19936 6
19937 8
19938 7
19939 3
19940 9
19941 2
19942 7
19943 6
19944 7
19945 4
19946 7
19947 3
19948 0
19949 1
19950 0
19951 4
19952 6
19953 7
19954 4
19955 2
19956 5
19957 6
19958 6
19959 1
19960 6
19961 9
19962 5
19963 2
19964 5
19965 7
19966 6
19967 5
19968 2
19969 6
19970 0
19971 0
19972 4
19973 5
19974 2
19975 5
19976 1
19977 5
19978 6
19979 1
19980 6
19981 6
19982 3
19983 9
19984 4
19985 1
19986 2
19987 0
19988 9
19989 1
19990 8
19991 7
19992 4
19993 9
19994 8
19995 8
19996 9
19997 4
19998 4
19999 2
20000 3




